"variable","value","geoid","geotype"
hsp1,38852.0,BX0101,NTA2020
hsp1,28059.0,BX0102,NTA2020
hsp1,10715.0,BX0201,NTA2020
hsp1,28773.0,BX0202,NTA2020
hsp1,0.0,BX0291,NTA2020
hsp1,20576.0,BX0301,NTA2020
hsp1,12630.0,BX0302,NTA2020
hsp1,18748.0,BX0303,NTA2020
hsp1,18.0,BX0391,NTA2020
hsp1,41807.0,BX0401,NTA2020
hsp1,21431.0,BX0402,NTA2020
hsp1,34999.0,BX0403,NTA2020
hsp1,15.0,BX0491,NTA2020
hsp1,1.0,BX0492,NTA2020
hsp1,36202.0,BX0501,NTA2020
hsp1,33082.0,BX0502,NTA2020
hsp1,23239.0,BX0503,NTA2020
hsp1,14106.0,BX0601,NTA2020
hsp1,19902.0,BX0602,NTA2020
hsp1,21837.0,BX0603,NTA2020
hsp1,34534.0,BX0701,NTA2020
hsp1,37854.0,BX0702,NTA2020
hsp1,26570.0,BX0703,NTA2020
hsp1,25505.0,BX0801,NTA2020
hsp1,14757.0,BX0802,NTA2020
hsp1,11840.0,BX0803,NTA2020
hsp1,46244.0,BX0901,NTA2020
hsp1,23287.0,BX0902,NTA2020
hsp1,22307.0,BX0903,NTA2020
hsp1,11083.0,BX0904,NTA2020
hsp1,3.0,BX0991,NTA2020
hsp1,8759.0,BX1001,NTA2020
hsp1,23577.0,BX1002,NTA2020
hsp1,11911.0,BX1003,NTA2020
hsp1,10221.0,BX1004,NTA2020
hsp1,0.0,BX1071,NTA2020
hsp1,0.0,BX1091,NTA2020
hsp1,18114.0,BX1101,NTA2020
hsp1,8314.0,BX1102,NTA2020
hsp1,10290.0,BX1103,NTA2020
hsp1,17432.0,BX1104,NTA2020
hsp1,113.0,BX1161,NTA2020
hsp1,19169.0,BX1201,NTA2020
hsp1,12986.0,BX1202,NTA2020
hsp1,11263.0,BX1203,NTA2020
hsp1,0.0,BX1271,NTA2020
hsp1,45.0,BX2691,NTA2020
hsp1,30.0,BX2791,NTA2020
hsp1,12.0,BX2891,NTA2020
hsp1,1259.0,QN0151,NTA2020
hsp1,6007.0,BK0101,NTA2020
hsp1,17012.0,BK0102,NTA2020
hsp1,4135.0,BK0103,NTA2020
hsp1,18322.0,BK0104,NTA2020
hsp1,1961.0,BK0201,NTA2020
hsp1,5576.0,BK0202,NTA2020
hsp1,5605.0,BK0203,NTA2020
hsp1,3464.0,BK0204,NTA2020
hsp1,4.0,BK0261,NTA2020
hsp1,16636.0,BK0301,NTA2020
hsp1,16000.0,BK0302,NTA2020
hsp1,31063.0,BK0401,NTA2020
hsp1,30562.0,BK0402,NTA2020
hsp1,2.0,BK0471,NTA2020
hsp1,29424.0,BK0501,NTA2020
hsp1,16225.0,BK0502,NTA2020
hsp1,11517.0,BK0503,NTA2020
hsp1,3344.0,BK0504,NTA2020
hsp1,13370.0,BK0505,NTA2020
hsp1,5.0,BK0571,NTA2020
hsp1,12042.0,BK0601,NTA2020
hsp1,6701.0,BK0602,NTA2020
hsp1,3430.0,BK0701,NTA2020
hsp1,30638.0,BK0702,NTA2020
hsp1,18226.0,BK0703,NTA2020
hsp1,2.0,BK0771,NTA2020
hsp1,2445.0,BK0801,NTA2020
hsp1,11732.0,BK0802,NTA2020
hsp1,7.0,BK0891,NTA2020
hsp1,4997.0,BK0901,NTA2020
hsp1,5266.0,BK0902,NTA2020
hsp1,16310.0,BK1001,NTA2020
hsp1,6486.0,BK1002,NTA2020
hsp1,189.0,BK1061,NTA2020
hsp1,2.0,BK1091,NTA2020
hsp1,18064.0,BK1101,NTA2020
hsp1,4695.0,BK1102,NTA2020
hsp1,8579.0,BK1103,NTA2020
hsp1,7533.0,BK1201,NTA2020
hsp1,8077.0,BK1202,NTA2020
hsp1,6825.0,BK1203,NTA2020
hsp1,3507.0,BK1204,NTA2020
hsp1,4626.0,BK1301,NTA2020
hsp1,8588.0,BK1302,NTA2020
hsp1,4541.0,BK1303,NTA2020
hsp1,0.0,BK1391,NTA2020
hsp1,13064.0,BK1401,NTA2020
hsp1,7256.0,BK1402,NTA2020
hsp1,4081.0,BK1403,NTA2020
hsp1,5842.0,BK1501,NTA2020
hsp1,3217.0,BK1502,NTA2020
hsp1,6148.0,BK1503,NTA2020
hsp1,7714.0,BK1601,NTA2020
hsp1,13933.0,BK1602,NTA2020
hsp1,5181.0,BK1701,NTA2020
hsp1,2465.0,BK1702,NTA2020
hsp1,2690.0,BK1703,NTA2020
hsp1,3320.0,BK1704,NTA2020
hsp1,5.0,BK1771,NTA2020
hsp1,6016.0,BK1801,NTA2020
hsp1,4309.0,BK1802,NTA2020
hsp1,7433.0,BK1803,NTA2020
hsp1,1.0,BK1891,NTA2020
hsp1,0.0,BK1892,NTA2020
hsp1,1.0,BK1893,NTA2020
hsp1,5.0,BK5591,NTA2020
hsp1,3.0,BK5691,NTA2020
hsp1,0.0,BK5692,NTA2020
hsp1,0.0,BK5693,NTA2020
hsp1,4709.0,MN0101,NTA2020
hsp1,2203.0,MN0102,NTA2020
hsp1,2.0,MN0191,NTA2020
hsp1,2032.0,MN0201,NTA2020
hsp1,2647.0,MN0202,NTA2020
hsp1,2624.0,MN0203,NTA2020
hsp1,6697.0,MN0301,NTA2020
hsp1,15075.0,MN0302,NTA2020
hsp1,16896.0,MN0303,NTA2020
hsp1,12024.0,MN0401,NTA2020
hsp1,10980.0,MN0402,NTA2020
hsp1,4143.0,MN0501,NTA2020
hsp1,3278.0,MN0502,NTA2020
hsp1,2012.0,MN0601,NTA2020
hsp1,2559.0,MN0602,NTA2020
hsp1,6501.0,MN0603,NTA2020
hsp1,3198.0,MN0604,NTA2020
hsp1,0.0,MN0661,NTA2020
hsp1,7152.0,MN0701,NTA2020
hsp1,12985.0,MN0702,NTA2020
hsp1,12952.0,MN0703,NTA2020
hsp1,6796.0,MN0801,NTA2020
hsp1,3522.0,MN0802,NTA2020
hsp1,8199.0,MN0803,NTA2020
hsp1,7549.0,MN0901,NTA2020
hsp1,12000.0,MN0902,NTA2020
hsp1,22974.0,MN0903,NTA2020
hsp1,9894.0,MN1001,NTA2020
hsp1,21010.0,MN1002,NTA2020
hsp1,25673.0,MN1101,NTA2020
hsp1,30604.0,MN1102,NTA2020
hsp1,466.0,MN1191,NTA2020
hsp1,48447.0,MN1201,NTA2020
hsp1,43832.0,MN1202,NTA2020
hsp1,24951.0,MN1203,NTA2020
hsp1,8.0,MN1291,NTA2020
hsp1,6.0,MN1292,NTA2020
hsp1,32.0,MN6491,NTA2020
hsp1,9929.0,QN0101,NTA2020
hsp1,6200.0,QN0102,NTA2020
hsp1,11915.0,QN0103,NTA2020
hsp1,10501.0,QN0104,NTA2020
hsp1,10257.0,QN0105,NTA2020
hsp1,9.0,QN0161,NTA2020
hsp1,3.0,QN0171,NTA2020
hsp1,0.0,QN0191,NTA2020
hsp1,3881.0,QN0201,NTA2020
hsp1,18957.0,QN0202,NTA2020
hsp1,17750.0,QN0203,NTA2020
hsp1,11.0,QN0261,NTA2020
hsp1,0.0,QN0271,NTA2020
hsp1,54270.0,QN0301,NTA2020
hsp1,21630.0,QN0302,NTA2020
hsp1,37491.0,QN0303,NTA2020
hsp1,42599.0,QN0401,NTA2020
hsp1,51530.0,QN0402,NTA2020
hsp1,13959.0,QN0501,NTA2020
hsp1,29260.0,QN0502,NTA2020
hsp1,14109.0,QN0503,NTA2020
hsp1,7190.0,QN0504,NTA2020
hsp1,0.0,QN0571,NTA2020
hsp1,0.0,QN0572,NTA2020
hsp1,2.0,QN0573,NTA2020
hsp1,5.0,QN0574,NTA2020
hsp1,6047.0,QN0601,NTA2020
hsp1,13547.0,QN0602,NTA2020
hsp1,13471.0,QN0701,NTA2020
hsp1,4401.0,QN0702,NTA2020
hsp1,2737.0,QN0703,NTA2020
hsp1,9328.0,QN0704,NTA2020
hsp1,6347.0,QN0705,NTA2020
hsp1,3814.0,QN0706,NTA2020
hsp1,8891.0,QN0707,NTA2020
hsp1,0.0,QN0761,NTA2020
hsp1,0.0,QN0791,NTA2020
hsp1,5180.0,QN0801,NTA2020
hsp1,7978.0,QN0802,NTA2020
hsp1,2973.0,QN0803,NTA2020
hsp1,3495.0,QN0804,NTA2020
hsp1,9356.0,QN0805,NTA2020
hsp1,0.0,QN0871,NTA2020
hsp1,1.0,QN0891,NTA2020
hsp1,6628.0,QN0901,NTA2020
hsp1,15765.0,QN0902,NTA2020
hsp1,5315.0,QN0903,NTA2020
hsp1,11203.0,QN0904,NTA2020
hsp1,24618.0,QN0905,NTA2020
hsp1,14769.0,QN1001,NTA2020
hsp1,9044.0,QN1002,NTA2020
hsp1,6865.0,QN1003,NTA2020
hsp1,0.0,QN1091,NTA2020
hsp1,5159.0,QN1101,NTA2020
hsp1,4163.0,QN1102,NTA2020
hsp1,2488.0,QN1103,NTA2020
hsp1,2712.0,QN1104,NTA2020
hsp1,16.0,QN1191,NTA2020
hsp1,20859.0,QN1201,NTA2020
hsp1,8039.0,QN1202,NTA2020
hsp1,6074.0,QN1203,NTA2020
hsp1,2985.0,QN1204,NTA2020
hsp1,4882.0,QN1205,NTA2020
hsp1,3671.0,QN1206,NTA2020
hsp1,2551.0,QN1301,NTA2020
hsp1,4406.0,QN1302,NTA2020
hsp1,9585.0,QN1303,NTA2020
hsp1,1304.0,QN1304,NTA2020
hsp1,1939.0,QN1305,NTA2020
hsp1,2261.0,QN1306,NTA2020
hsp1,2923.0,QN1307,NTA2020
hsp1,0.0,QN1371,NTA2020
hsp1,15593.0,QN1401,NTA2020
hsp1,10471.0,QN1402,NTA2020
hsp1,2521.0,QN1403,NTA2020
hsp1,7.0,QN1491,NTA2020
hsp1,0.0,QN8081,NTA2020
hsp1,17.0,QN8191,NTA2020
hsp1,3.0,QN8291,NTA2020
hsp1,0.0,QN8381,NTA2020
hsp1,0.0,QN8491,NTA2020
hsp1,1.0,QN8492,NTA2020
hsp1,7049.0,SI0101,NTA2020
hsp1,7363.0,SI0102,NTA2020
hsp1,6539.0,SI0103,NTA2020
hsp1,9771.0,SI0104,NTA2020
hsp1,5231.0,SI0105,NTA2020
hsp1,11091.0,SI0106,NTA2020
hsp1,11910.0,SI0107,NTA2020
hsp1,1.0,SI0191,NTA2020
hsp1,6039.0,SI0201,NTA2020
hsp1,4221.0,SI0202,NTA2020
hsp1,3420.0,SI0203,NTA2020
hsp1,6537.0,SI0204,NTA2020
hsp1,6.0,SI0291,NTA2020
hsp1,2523.0,SI0301,NTA2020
hsp1,5571.0,SI0302,NTA2020
hsp1,3945.0,SI0303,NTA2020
hsp1,3655.0,SI0304,NTA2020
hsp1,1891.0,SI0305,NTA2020
hsp1,35.0,SI0391,NTA2020
hsp1,154.0,SI9561,NTA2020
hsp1,0.0,SI9591,NTA2020
hsp1,8.0,SI9592,NTA2020
hsp1,0.0,SI9593,NTA2020
hsp1p,67.3,BX0101,NTA2020
hsp1p,65.8,BX0102,NTA2020
hsp1p,70.8,BX0201,NTA2020
hsp1p,71.4,BX0202,NTA2020
hsp1p,,BX0291,NTA2020
hsp1p,54.7,BX0301,NTA2020
hsp1p,51.4,BX0302,NTA2020
hsp1p,62.2,BX0303,NTA2020
hsp1p,52.9,BX0391,NTA2020
hsp1p,60.3,BX0401,NTA2020
hsp1p,66.0,BX0402,NTA2020
hsp1p,70.5,BX0403,NTA2020
hsp1p,78.9,BX0491,NTA2020
hsp1p,10.0,BX0492,NTA2020
hsp1p,66.2,BX0501,NTA2020
hsp1p,67.4,BX0502,NTA2020
hsp1p,72.4,BX0503,NTA2020
hsp1p,70.0,BX0601,NTA2020
hsp1p,61.9,BX0602,NTA2020
hsp1p,61.0,BX0603,NTA2020
hsp1p,74.2,BX0701,NTA2020
hsp1p,68.2,BX0702,NTA2020
hsp1p,61.1,BX0703,NTA2020
hsp1p,71.3,BX0801,NTA2020
hsp1p,64.7,BX0802,NTA2020
hsp1p,24.7,BX0803,NTA2020
hsp1p,62.2,BX0901,NTA2020
hsp1p,62.4,BX0902,NTA2020
hsp1p,53.9,BX0903,NTA2020
hsp1p,33.0,BX0904,NTA2020
hsp1p,50.0,BX0991,NTA2020
hsp1p,50.4,BX1001,NTA2020
hsp1p,49.0,BX1002,NTA2020
hsp1p,40.4,BX1003,NTA2020
hsp1p,27.4,BX1004,NTA2020
hsp1p,,BX1071,NTA2020
hsp1p,,BX1091,NTA2020
hsp1p,55.9,BX1101,NTA2020
hsp1p,33.2,BX1102,NTA2020
hsp1p,35.0,BX1103,NTA2020
hsp1p,50.3,BX1104,NTA2020
hsp1p,38.0,BX1161,NTA2020
hsp1p,31.2,BX1201,NTA2020
hsp1p,25.1,BX1202,NTA2020
hsp1p,23.6,BX1203,NTA2020
hsp1p,,BX1271,NTA2020
hsp1p,36.9,BX2691,NTA2020
hsp1p,43.5,BX2791,NTA2020
hsp1p,42.9,BX2891,NTA2020
hsp1p,33.4,QN0151,NTA2020
hsp1p,15.4,BK0101,NTA2020
hsp1p,26.4,BK0102,NTA2020
hsp1p,8.7,BK0103,NTA2020
hsp1p,34.6,BK0104,NTA2020
hsp1p,7.8,BK0201,NTA2020
hsp1p,13.6,BK0202,NTA2020
hsp1p,17.0,BK0203,NTA2020
hsp1p,12.1,BK0204,NTA2020
hsp1p,80.0,BK0261,NTA2020
hsp1p,18.7,BK0301,NTA2020
hsp1p,18.9,BK0302,NTA2020
hsp1p,52.9,BK0401,NTA2020
hsp1p,49.3,BK0402,NTA2020
hsp1p,33.3,BK0471,NTA2020
hsp1p,68.0,BK0501,NTA2020
hsp1p,37.9,BK0502,NTA2020
hsp1p,21.7,BK0503,NTA2020
hsp1p,19.6,BK0504,NTA2020
hsp1p,29.3,BK0505,NTA2020
hsp1p,71.4,BK0571,NTA2020
hsp1p,20.4,BK0601,NTA2020
hsp1p,11.7,BK0602,NTA2020
hsp1p,14.5,BK0701,NTA2020
hsp1p,56.2,BK0702,NTA2020
hsp1p,32.8,BK0703,NTA2020
hsp1p,40.0,BK0771,NTA2020
hsp1p,10.4,BK0801,NTA2020
hsp1p,13.8,BK0802,NTA2020
hsp1p,46.7,BK0891,NTA2020
hsp1p,9.9,BK0901,NTA2020
hsp1p,10.6,BK0902,NTA2020
hsp1p,18.8,BK1001,NTA2020
hsp1p,13.9,BK1002,NTA2020
hsp1p,24.4,BK1061,NTA2020
hsp1p,22.2,BK1091,NTA2020
hsp1p,17.2,BK1101,NTA2020
hsp1p,14.2,BK1102,NTA2020
hsp1p,14.2,BK1103,NTA2020
hsp1p,21.1,BK1201,NTA2020
hsp1p,8.6,BK1202,NTA2020
hsp1p,16.3,BK1203,NTA2020
hsp1p,9.0,BK1204,NTA2020
hsp1p,15.2,BK1301,NTA2020
hsp1p,17.3,BK1302,NTA2020
hsp1p,13.5,BK1303,NTA2020
hsp1p,,BK1391,NTA2020
hsp1p,19.6,BK1401,NTA2020
hsp1p,16.9,BK1402,NTA2020
hsp1p,7.7,BK1403,NTA2020
hsp1p,11.1,BK1501,NTA2020
hsp1p,7.8,BK1502,NTA2020
hsp1p,8.9,BK1503,NTA2020
hsp1p,20.3,BK1601,NTA2020
hsp1p,23.0,BK1602,NTA2020
hsp1p,10.9,BK1701,NTA2020
hsp1p,7.2,BK1702,NTA2020
hsp1p,6.3,BK1703,NTA2020
hsp1p,8.5,BK1704,NTA2020
hsp1p,15.6,BK1771,NTA2020
hsp1p,9.0,BK1801,NTA2020
hsp1p,9.2,BK1802,NTA2020
hsp1p,8.3,BK1803,NTA2020
hsp1p,100.0,BK1891,NTA2020
hsp1p,,BK1892,NTA2020
hsp1p,20.0,BK1893,NTA2020
hsp1p,33.3,BK5591,NTA2020
hsp1p,14.3,BK5691,NTA2020
hsp1p,,BK5692,NTA2020
hsp1p,,BK5693,NTA2020
hsp1p,8.9,MN0101,NTA2020
hsp1p,8.7,MN0102,NTA2020
hsp1p,25.0,MN0191,NTA2020
hsp1p,8.7,MN0201,NTA2020
hsp1p,7.8,MN0202,NTA2020
hsp1p,7.5,MN0203,NTA2020
hsp1p,15.7,MN0301,NTA2020
hsp1p,30.7,MN0302,NTA2020
hsp1p,23.7,MN0303,NTA2020
hsp1p,17.2,MN0401,NTA2020
hsp1p,18.4,MN0402,NTA2020
hsp1p,12.5,MN0501,NTA2020
hsp1p,12.8,MN0502,NTA2020
hsp1p,8.9,MN0601,NTA2020
hsp1p,8.9,MN0602,NTA2020
hsp1p,10.2,MN0603,NTA2020
hsp1p,7.0,MN0604,NTA2020
hsp1p,,MN0661,NTA2020
hsp1p,10.1,MN0701,NTA2020
hsp1p,12.8,MN0702,NTA2020
hsp1p,25.0,MN0703,NTA2020
hsp1p,7.9,MN0801,NTA2020
hsp1p,5.6,MN0802,NTA2020
hsp1p,9.8,MN0803,NTA2020
hsp1p,19.4,MN0901,NTA2020
hsp1p,54.1,MN0902,NTA2020
hsp1p,46.5,MN0903,NTA2020
hsp1p,21.0,MN1001,NTA2020
hsp1p,25.2,MN1002,NTA2020
hsp1p,42.9,MN1101,NTA2020
hsp1p,47.3,MN1102,NTA2020
hsp1p,35.8,MN1191,NTA2020
hsp1p,67.3,MN1201,NTA2020
hsp1p,61.0,MN1202,NTA2020
hsp1p,68.7,MN1203,NTA2020
hsp1p,66.7,MN1291,NTA2020
hsp1p,37.5,MN1292,NTA2020
hsp1p,24.8,MN6491,NTA2020
hsp1p,19.8,QN0101,NTA2020
hsp1p,32.8,QN0102,NTA2020
hsp1p,22.8,QN0103,NTA2020
hsp1p,27.2,QN0104,NTA2020
hsp1p,31.1,QN0105,NTA2020
hsp1p,33.3,QN0161,NTA2020
hsp1p,60.0,QN0171,NTA2020
hsp1p,,QN0191,NTA2020
hsp1p,12.0,QN0201,NTA2020
hsp1p,36.3,QN0202,NTA2020
hsp1p,33.4,QN0203,NTA2020
hsp1p,30.6,QN0261,NTA2020
hsp1p,,QN0271,NTA2020
hsp1p,53.3,QN0301,NTA2020
hsp1p,64.4,QN0302,NTA2020
hsp1p,86.3,QN0303,NTA2020
hsp1p,39.5,QN0401,NTA2020
hsp1p,69.8,QN0402,NTA2020
hsp1p,32.3,QN0501,NTA2020
hsp1p,44.1,QN0502,NTA2020
hsp1p,40.2,QN0503,NTA2020
hsp1p,20.9,QN0504,NTA2020
hsp1p,,QN0571,NTA2020
hsp1p,,QN0572,NTA2020
hsp1p,66.7,QN0573,NTA2020
hsp1p,25.0,QN0574,NTA2020
hsp1p,19.7,QN0601,NTA2020
hsp1p,15.2,QN0602,NTA2020
hsp1p,40.1,QN0701,NTA2020
hsp1p,15.5,QN0702,NTA2020
hsp1p,11.8,QN0703,NTA2020
hsp1p,16.3,QN0704,NTA2020
hsp1p,18.3,QN0705,NTA2020
hsp1p,16.1,QN0706,NTA2020
hsp1p,12.7,QN0707,NTA2020
hsp1p,,QN0761,NTA2020
hsp1p,,QN0791,NTA2020
hsp1p,14.4,QN0801,NTA2020
hsp1p,22.4,QN0802,NTA2020
hsp1p,12.7,QN0803,NTA2020
hsp1p,14.8,QN0804,NTA2020
hsp1p,23.8,QN0805,NTA2020
hsp1p,,QN0871,NTA2020
hsp1p,20.0,QN0891,NTA2020
hsp1p,27.2,QN0901,NTA2020
hsp1p,46.2,QN0902,NTA2020
hsp1p,22.0,QN0903,NTA2020
hsp1p,41.0,QN0904,NTA2020
hsp1p,58.7,QN0905,NTA2020
hsp1p,18.6,QN1001,NTA2020
hsp1p,38.5,QN1002,NTA2020
hsp1p,25.1,QN1003,NTA2020
hsp1p,,QN1091,NTA2020
hsp1p,14.3,QN1101,NTA2020
hsp1p,11.7,QN1102,NTA2020
hsp1p,9.8,QN1103,NTA2020
hsp1p,10.7,QN1104,NTA2020
hsp1p,18.8,QN1191,NTA2020
hsp1p,34.2,QN1201,NTA2020
hsp1p,18.1,QN1202,NTA2020
hsp1p,14.1,QN1203,NTA2020
hsp1p,9.1,QN1204,NTA2020
hsp1p,9.4,QN1205,NTA2020
hsp1p,14.9,QN1206,NTA2020
hsp1p,10.9,QN1301,NTA2020
hsp1p,16.6,QN1302,NTA2020
hsp1p,17.6,QN1303,NTA2020
hsp1p,6.8,QN1304,NTA2020
hsp1p,7.4,QN1305,NTA2020
hsp1p,9.8,QN1306,NTA2020
hsp1p,10.8,QN1307,NTA2020
hsp1p,,QN1371,NTA2020
hsp1p,26.6,QN1401,NTA2020
hsp1p,25.3,QN1402,NTA2020
hsp1p,10.4,QN1403,NTA2020
hsp1p,58.3,QN1491,NTA2020
hsp1p,,QN8081,NTA2020
hsp1p,38.6,QN8191,NTA2020
hsp1p,75.0,QN8291,NTA2020
hsp1p,,QN8381,NTA2020
hsp1p,,QN8491,NTA2020
hsp1p,4.2,QN8492,NTA2020
hsp1p,34.3,SI0101,NTA2020
hsp1p,38.7,SI0102,NTA2020
hsp1p,25.6,SI0103,NTA2020
hsp1p,26.4,SI0104,NTA2020
hsp1p,16.6,SI0105,NTA2020
hsp1p,49.1,SI0106,NTA2020
hsp1p,35.6,SI0107,NTA2020
hsp1p,12.5,SI0191,NTA2020
hsp1p,16.7,SI0201,NTA2020
hsp1p,14.5,SI0202,NTA2020
hsp1p,10.4,SI0203,NTA2020
hsp1p,15.2,SI0204,NTA2020
hsp1p,40.0,SI0291,NTA2020
hsp1p,11.3,SI0301,NTA2020
hsp1p,10.2,SI0302,NTA2020
hsp1p,12.9,SI0303,NTA2020
hsp1p,9.0,SI0304,NTA2020
hsp1p,11.8,SI0305,NTA2020
hsp1p,36.8,SI0391,NTA2020
hsp1p,31.1,SI9561,NTA2020
hsp1p,,SI9591,NTA2020
hsp1p,17.4,SI9592,NTA2020
hsp1p,,SI9593,NTA2020
wnh,1569.0,BX0101,NTA2020
wnh,973.0,BX0102,NTA2020
wnh,264.0,BX0201,NTA2020
wnh,690.0,BX0202,NTA2020
wnh,0.0,BX0291,NTA2020
wnh,709.0,BX0301,NTA2020
wnh,295.0,BX0302,NTA2020
wnh,488.0,BX0303,NTA2020
wnh,5.0,BX0391,NTA2020
wnh,1941.0,BX0401,NTA2020
wnh,631.0,BX0402,NTA2020
wnh,711.0,BX0403,NTA2020
wnh,0.0,BX0491,NTA2020
wnh,0.0,BX0492,NTA2020
wnh,818.0,BX0501,NTA2020
wnh,736.0,BX0502,NTA2020
wnh,523.0,BX0503,NTA2020
wnh,290.0,BX0601,NTA2020
wnh,599.0,BX0602,NTA2020
wnh,4732.0,BX0603,NTA2020
wnh,1800.0,BX0701,NTA2020
wnh,3461.0,BX0702,NTA2020
wnh,3093.0,BX0703,NTA2020
wnh,3741.0,BX0801,NTA2020
wnh,3561.0,BX0802,NTA2020
wnh,26666.0,BX0803,NTA2020
wnh,1610.0,BX0901,NTA2020
wnh,806.0,BX0902,NTA2020
wnh,1405.0,BX0903,NTA2020
wnh,907.0,BX0904,NTA2020
wnh,1.0,BX0991,NTA2020
wnh,1148.0,BX1001,NTA2020
wnh,16118.0,BX1002,NTA2020
wnh,13208.0,BX1003,NTA2020
wnh,1930.0,BX1004,NTA2020
wnh,0.0,BX1071,NTA2020
wnh,0.0,BX1091,NTA2020
wnh,5465.0,BX1101,NTA2020
wnh,10649.0,BX1102,NTA2020
wnh,5498.0,BX1103,NTA2020
wnh,4734.0,BX1104,NTA2020
wnh,56.0,BX1161,NTA2020
wnh,1435.0,BX1201,NTA2020
wnh,1105.0,BX1202,NTA2020
wnh,6672.0,BX1203,NTA2020
wnh,0.0,BX1271,NTA2020
wnh,29.0,BX2691,NTA2020
wnh,6.0,BX2791,NTA2020
wnh,5.0,BX2891,NTA2020
wnh,260.0,QN0151,NTA2020
wnh,27496.0,BK0101,NTA2020
wnh,36709.0,BK0102,NTA2020
wnh,39714.0,BK0103,NTA2020
wnh,20363.0,BK0104,NTA2020
wnh,18446.0,BK0201,NTA2020
wnh,19213.0,BK0202,NTA2020
wnh,11355.0,BK0203,NTA2020
wnh,12845.0,BK0204,NTA2020
wnh,1.0,BK0261,NTA2020
wnh,31481.0,BK0301,NTA2020
wnh,14587.0,BK0302,NTA2020
wnh,16444.0,BK0401,NTA2020
wnh,11438.0,BK0402,NTA2020
wnh,1.0,BK0471,NTA2020
wnh,1170.0,BK0501,NTA2020
wnh,880.0,BK0502,NTA2020
wnh,983.0,BK0503,NTA2020
wnh,2595.0,BK0504,NTA2020
wnh,805.0,BK0505,NTA2020
wnh,0.0,BK0571,NTA2020
wnh,32342.0,BK0601,NTA2020
wnh,38668.0,BK0602,NTA2020
wnh,15463.0,BK0701,NTA2020
wnh,12073.0,BK0702,NTA2020
wnh,4509.0,BK0703,NTA2020
wnh,0.0,BK0771,NTA2020
wnh,12672.0,BK0801,NTA2020
wnh,18774.0,BK0802,NTA2020
wnh,3.0,BK0891,NTA2020
wnh,16111.0,BK0901,NTA2020
wnh,12050.0,BK0902,NTA2020
wnh,51417.0,BK1001,NTA2020
wnh,16960.0,BK1002,NTA2020
wnh,319.0,BK1061,NTA2020
wnh,3.0,BK1091,NTA2020
wnh,36545.0,BK1101,NTA2020
wnh,13227.0,BK1102,NTA2020
wnh,22331.0,BK1103,NTA2020
wnh,6959.0,BK1201,NTA2020
wnh,70239.0,BK1202,NTA2020
wnh,17370.0,BK1203,NTA2020
wnh,28474.0,BK1204,NTA2020
wnh,14187.0,BK1301,NTA2020
wnh,24811.0,BK1302,NTA2020
wnh,21647.0,BK1303,NTA2020
wnh,0.0,BK1391,NTA2020
wnh,9752.0,BK1401,NTA2020
wnh,15859.0,BK1402,NTA2020
wnh,35135.0,BK1403,NTA2020
wnh,34806.0,BK1501,NTA2020
wnh,25197.0,BK1502,NTA2020
wnh,41326.0,BK1503,NTA2020
wnh,2597.0,BK1601,NTA2020
wnh,830.0,BK1602,NTA2020
wnh,3573.0,BK1701,NTA2020
wnh,799.0,BK1702,NTA2020
wnh,1145.0,BK1703,NTA2020
wnh,691.0,BK1704,NTA2020
wnh,0.0,BK1771,NTA2020
wnh,9749.0,BK1801,NTA2020
wnh,29831.0,BK1802,NTA2020
wnh,3441.0,BK1803,NTA2020
wnh,0.0,BK1891,NTA2020
wnh,2.0,BK1892,NTA2020
wnh,0.0,BK1893,NTA2020
wnh,2.0,BK5591,NTA2020
wnh,12.0,BK5691,NTA2020
wnh,0.0,BK5692,NTA2020
wnh,0.0,BK5693,NTA2020
wnh,32538.0,MN0101,NTA2020
wnh,16769.0,MN0102,NTA2020
wnh,0.0,MN0191,NTA2020
wnh,13642.0,MN0201,NTA2020
wnh,24718.0,MN0202,NTA2020
wnh,27608.0,MN0203,NTA2020
wnh,4820.0,MN0301,NTA2020
wnh,15321.0,MN0302,NTA2020
wnh,34907.0,MN0303,NTA2020
wnh,38835.0,MN0401,NTA2020
wnh,29455.0,MN0402,NTA2020
wnh,19546.0,MN0501,NTA2020
wnh,13375.0,MN0502,NTA2020
wnh,14758.0,MN0601,NTA2020
wnh,19499.0,MN0602,NTA2020
wnh,37987.0,MN0603,NTA2020
wnh,32190.0,MN0604,NTA2020
wnh,0.0,MN0661,NTA2020
wnh,47001.0,MN0701,NTA2020
wnh,69846.0,MN0702,NTA2020
wnh,24339.0,MN0703,NTA2020
wnh,59223.0,MN0801,NTA2020
wnh,51553.0,MN0802,NTA2020
wnh,59630.0,MN0803,NTA2020
wnh,15682.0,MN0901,NTA2020
wnh,3187.0,MN0902,NTA2020
wnh,9421.0,MN0903,NTA2020
wnh,11122.0,MN1001,NTA2020
wnh,8656.0,MN1002,NTA2020
wnh,11964.0,MN1101,NTA2020
wnh,6731.0,MN1102,NTA2020
wnh,170.0,MN1191,NTA2020
wnh,10886.0,MN1201,NTA2020
wnh,20269.0,MN1202,NTA2020
wnh,7067.0,MN1203,NTA2020
wnh,0.0,MN1291,NTA2020
wnh,0.0,MN1292,NTA2020
wnh,32.0,MN6491,NTA2020
wnh,31539.0,QN0101,NTA2020
wnh,6286.0,QN0102,NTA2020
wnh,27306.0,QN0103,NTA2020
wnh,17553.0,QN0104,NTA2020
wnh,7633.0,QN0105,NTA2020
wnh,1.0,QN0161,NTA2020
wnh,0.0,QN0171,NTA2020
wnh,0.0,QN0191,NTA2020
wnh,14346.0,QN0201,NTA2020
wnh,16395.0,QN0202,NTA2020
wnh,8497.0,QN0203,NTA2020
wnh,8.0,QN0261,NTA2020
wnh,0.0,QN0271,NTA2020
wnh,15306.0,QN0301,NTA2020
wnh,1758.0,QN0302,NTA2020
wnh,559.0,QN0303,NTA2020
wnh,5534.0,QN0401,NTA2020
wnh,3881.0,QN0402,NTA2020
wnh,20731.0,QN0501,NTA2020
wnh,26843.0,QN0502,NTA2020
wnh,17725.0,QN0503,NTA2020
wnh,20970.0,QN0504,NTA2020
wnh,3.0,QN0571,NTA2020
wnh,0.0,QN0572,NTA2020
wnh,0.0,QN0573,NTA2020
wnh,10.0,QN0574,NTA2020
wnh,11007.0,QN0601,NTA2020
wnh,41572.0,QN0602,NTA2020
wnh,7176.0,QN0701,NTA2020
wnh,15774.0,QN0702,NTA2020
wnh,12436.0,QN0703,NTA2020
wnh,11372.0,QN0704,NTA2020
wnh,3502.0,QN0705,NTA2020
wnh,2181.0,QN0706,NTA2020
wnh,3466.0,QN0707,NTA2020
wnh,0.0,QN0761,NTA2020
wnh,0.0,QN0791,NTA2020
wnh,17243.0,QN0801,NTA2020
wnh,9055.0,QN0802,NTA2020
wnh,5970.0,QN0803,NTA2020
wnh,5357.0,QN0804,NTA2020
wnh,6413.0,QN0805,NTA2020
wnh,0.0,QN0871,NTA2020
wnh,0.0,QN0891,NTA2020
wnh,9744.0,QN0901,NTA2020
wnh,4005.0,QN0902,NTA2020
wnh,970.0,QN0903,NTA2020
wnh,2584.0,QN0904,NTA2020
wnh,5682.0,QN0905,NTA2020
wnh,4091.0,QN1001,NTA2020
wnh,4553.0,QN1002,NTA2020
wnh,17123.0,QN1003,NTA2020
wnh,0.0,QN1091,NTA2020
wnh,11452.0,QN1101,NTA2020
wnh,11708.0,QN1102,NTA2020
wnh,10340.0,QN1103,NTA2020
wnh,8487.0,QN1104,NTA2020
wnh,63.0,QN1191,NTA2020
wnh,2001.0,QN1201,NTA2020
wnh,514.0,QN1202,NTA2020
wnh,611.0,QN1203,NTA2020
wnh,353.0,QN1204,NTA2020
wnh,617.0,QN1205,NTA2020
wnh,658.0,QN1206,NTA2020
wnh,8334.0,QN1301,NTA2020
wnh,5430.0,QN1302,NTA2020
wnh,2456.0,QN1303,NTA2020
wnh,272.0,QN1304,NTA2020
wnh,350.0,QN1305,NTA2020
wnh,429.0,QN1306,NTA2020
wnh,930.0,QN1307,NTA2020
wnh,0.0,QN1371,NTA2020
wnh,13758.0,QN1401,NTA2020
wnh,6824.0,QN1402,NTA2020
wnh,19590.0,QN1403,NTA2020
wnh,0.0,QN1491,NTA2020
wnh,0.0,QN8081,NTA2020
wnh,3.0,QN8191,NTA2020
wnh,1.0,QN8291,NTA2020
wnh,0.0,QN8381,NTA2020
wnh,0.0,QN8491,NTA2020
wnh,17.0,QN8492,NTA2020
wnh,4394.0,SI0101,NTA2020
wnh,3006.0,SI0102,NTA2020
wnh,6988.0,SI0103,NTA2020
wnh,16673.0,SI0104,NTA2020
wnh,20885.0,SI0105,NTA2020
wnh,3989.0,SI0106,NTA2020
wnh,6618.0,SI0107,NTA2020
wnh,7.0,SI0191,NTA2020
wnh,20914.0,SI0201,NTA2020
wnh,19149.0,SI0202,NTA2020
wnh,20597.0,SI0203,NTA2020
wnh,25502.0,SI0204,NTA2020
wnh,4.0,SI0291,NTA2020
wnh,16322.0,SI0301,NTA2020
wnh,43582.0,SI0302,NTA2020
wnh,22611.0,SI0303,NTA2020
wnh,33263.0,SI0304,NTA2020
wnh,13186.0,SI0305,NTA2020
wnh,31.0,SI0391,NTA2020
wnh,238.0,SI9561,NTA2020
wnh,0.0,SI9591,NTA2020
wnh,19.0,SI9592,NTA2020
wnh,3.0,SI9593,NTA2020
wnhp,2.7,BX0101,NTA2020
wnhp,2.3,BX0102,NTA2020
wnhp,1.7,BX0201,NTA2020
wnhp,1.7,BX0202,NTA2020
wnhp,,BX0291,NTA2020
wnhp,1.9,BX0301,NTA2020
wnhp,1.2,BX0302,NTA2020
wnhp,1.6,BX0303,NTA2020
wnhp,14.7,BX0391,NTA2020
wnhp,2.8,BX0401,NTA2020
wnhp,1.9,BX0402,NTA2020
wnhp,1.4,BX0403,NTA2020
wnhp,,BX0491,NTA2020
wnhp,,BX0492,NTA2020
wnhp,1.5,BX0501,NTA2020
wnhp,1.5,BX0502,NTA2020
wnhp,1.6,BX0503,NTA2020
wnhp,1.4,BX0601,NTA2020
wnhp,1.9,BX0602,NTA2020
wnhp,13.2,BX0603,NTA2020
wnhp,3.9,BX0701,NTA2020
wnhp,6.2,BX0702,NTA2020
wnhp,7.1,BX0703,NTA2020
wnhp,10.5,BX0801,NTA2020
wnhp,15.6,BX0802,NTA2020
wnhp,55.6,BX0803,NTA2020
wnhp,2.2,BX0901,NTA2020
wnhp,2.2,BX0902,NTA2020
wnhp,3.4,BX0903,NTA2020
wnhp,2.7,BX0904,NTA2020
wnhp,16.7,BX0991,NTA2020
wnhp,6.6,BX1001,NTA2020
wnhp,33.5,BX1002,NTA2020
wnhp,44.8,BX1003,NTA2020
wnhp,5.2,BX1004,NTA2020
wnhp,,BX1071,NTA2020
wnhp,,BX1091,NTA2020
wnhp,16.9,BX1101,NTA2020
wnhp,42.5,BX1102,NTA2020
wnhp,18.7,BX1103,NTA2020
wnhp,13.7,BX1104,NTA2020
wnhp,18.9,BX1161,NTA2020
wnhp,2.3,BX1201,NTA2020
wnhp,2.1,BX1202,NTA2020
wnhp,14.0,BX1203,NTA2020
wnhp,,BX1271,NTA2020
wnhp,23.8,BX2691,NTA2020
wnhp,8.7,BX2791,NTA2020
wnhp,17.9,BX2891,NTA2020
wnhp,6.9,QN0151,NTA2020
wnhp,70.5,BK0101,NTA2020
wnhp,57.0,BK0102,NTA2020
wnhp,83.3,BK0103,NTA2020
wnhp,38.4,BK0104,NTA2020
wnhp,73.5,BK0201,NTA2020
wnhp,46.9,BK0202,NTA2020
wnhp,34.5,BK0203,NTA2020
wnhp,44.8,BK0204,NTA2020
wnhp,20.0,BK0261,NTA2020
wnhp,35.3,BK0301,NTA2020
wnhp,17.2,BK0302,NTA2020
wnhp,28.0,BK0401,NTA2020
wnhp,18.4,BK0402,NTA2020
wnhp,16.7,BK0471,NTA2020
wnhp,2.7,BK0501,NTA2020
wnhp,2.1,BK0502,NTA2020
wnhp,1.9,BK0503,NTA2020
wnhp,15.2,BK0504,NTA2020
wnhp,1.8,BK0505,NTA2020
wnhp,,BK0571,NTA2020
wnhp,54.7,BK0601,NTA2020
wnhp,67.4,BK0602,NTA2020
wnhp,65.5,BK0701,NTA2020
wnhp,22.2,BK0702,NTA2020
wnhp,8.1,BK0703,NTA2020
wnhp,,BK0771,NTA2020
wnhp,53.9,BK0801,NTA2020
wnhp,22.0,BK0802,NTA2020
wnhp,20.0,BK0891,NTA2020
wnhp,31.8,BK0901,NTA2020
wnhp,24.3,BK0902,NTA2020
wnhp,59.3,BK1001,NTA2020
wnhp,36.3,BK1002,NTA2020
wnhp,41.2,BK1061,NTA2020
wnhp,33.3,BK1091,NTA2020
wnhp,34.8,BK1101,NTA2020
wnhp,40.0,BK1102,NTA2020
wnhp,36.9,BK1103,NTA2020
wnhp,19.5,BK1201,NTA2020
wnhp,74.8,BK1202,NTA2020
wnhp,41.6,BK1203,NTA2020
wnhp,72.8,BK1204,NTA2020
wnhp,46.7,BK1301,NTA2020
wnhp,50.1,BK1302,NTA2020
wnhp,64.5,BK1303,NTA2020
wnhp,,BK1391,NTA2020
wnhp,14.7,BK1401,NTA2020
wnhp,36.9,BK1402,NTA2020
wnhp,66.4,BK1403,NTA2020
wnhp,65.9,BK1501,NTA2020
wnhp,60.8,BK1502,NTA2020
wnhp,59.8,BK1503,NTA2020
wnhp,6.8,BK1601,NTA2020
wnhp,1.4,BK1602,NTA2020
wnhp,7.5,BK1701,NTA2020
wnhp,2.3,BK1702,NTA2020
wnhp,2.7,BK1703,NTA2020
wnhp,1.8,BK1704,NTA2020
wnhp,,BK1771,NTA2020
wnhp,14.5,BK1801,NTA2020
wnhp,63.5,BK1802,NTA2020
wnhp,3.8,BK1803,NTA2020
wnhp,,BK1891,NTA2020
wnhp,50.0,BK1892,NTA2020
wnhp,,BK1893,NTA2020
wnhp,13.3,BK5591,NTA2020
wnhp,57.1,BK5691,NTA2020
wnhp,,BK5692,NTA2020
wnhp,,BK5693,NTA2020
wnhp,61.4,MN0101,NTA2020
wnhp,66.0,MN0102,NTA2020
wnhp,,MN0191,NTA2020
wnhp,58.6,MN0201,NTA2020
wnhp,72.4,MN0202,NTA2020
wnhp,78.9,MN0203,NTA2020
wnhp,11.3,MN0301,NTA2020
wnhp,31.2,MN0302,NTA2020
wnhp,48.9,MN0303,NTA2020
wnhp,55.7,MN0401,NTA2020
wnhp,49.5,MN0402,NTA2020
wnhp,58.8,MN0501,NTA2020
wnhp,52.3,MN0502,NTA2020
wnhp,65.6,MN0601,NTA2020
wnhp,68.1,MN0602,NTA2020
wnhp,59.8,MN0603,NTA2020
wnhp,70.3,MN0604,NTA2020
wnhp,,MN0661,NTA2020
wnhp,66.5,MN0701,NTA2020
wnhp,68.6,MN0702,NTA2020
wnhp,47.0,MN0703,NTA2020
wnhp,69.2,MN0801,NTA2020
wnhp,82.6,MN0802,NTA2020
wnhp,70.9,MN0803,NTA2020
wnhp,40.3,MN0901,NTA2020
wnhp,14.4,MN0902,NTA2020
wnhp,19.1,MN0903,NTA2020
wnhp,23.6,MN1001,NTA2020
wnhp,10.4,MN1002,NTA2020
wnhp,20.0,MN1101,NTA2020
wnhp,10.4,MN1102,NTA2020
wnhp,13.1,MN1191,NTA2020
wnhp,15.1,MN1201,NTA2020
wnhp,28.2,MN1202,NTA2020
wnhp,19.5,MN1203,NTA2020
wnhp,,MN1291,NTA2020
wnhp,,MN1292,NTA2020
wnhp,24.8,MN6491,NTA2020
wnhp,62.8,QN0101,NTA2020
wnhp,33.2,QN0102,NTA2020
wnhp,52.3,QN0103,NTA2020
wnhp,45.4,QN0104,NTA2020
wnhp,23.2,QN0105,NTA2020
wnhp,3.7,QN0161,NTA2020
wnhp,,QN0171,NTA2020
wnhp,,QN0191,NTA2020
wnhp,44.5,QN0201,NTA2020
wnhp,31.4,QN0202,NTA2020
wnhp,16.0,QN0203,NTA2020
wnhp,22.2,QN0261,NTA2020
wnhp,,QN0271,NTA2020
wnhp,15.0,QN0301,NTA2020
wnhp,5.2,QN0302,NTA2020
wnhp,1.3,QN0303,NTA2020
wnhp,5.1,QN0401,NTA2020
wnhp,5.3,QN0402,NTA2020
wnhp,47.9,QN0501,NTA2020
wnhp,40.4,QN0502,NTA2020
wnhp,50.4,QN0503,NTA2020
wnhp,60.8,QN0504,NTA2020
wnhp,100.0,QN0571,NTA2020
wnhp,,QN0572,NTA2020
wnhp,,QN0573,NTA2020
wnhp,50.0,QN0574,NTA2020
wnhp,35.8,QN0601,NTA2020
wnhp,46.7,QN0602,NTA2020
wnhp,21.3,QN0701,NTA2020
wnhp,55.5,QN0702,NTA2020
wnhp,53.4,QN0703,NTA2020
wnhp,19.8,QN0704,NTA2020
wnhp,10.1,QN0705,NTA2020
wnhp,9.2,QN0706,NTA2020
wnhp,5.0,QN0707,NTA2020
wnhp,,QN0761,NTA2020
wnhp,,QN0791,NTA2020
wnhp,47.9,QN0801,NTA2020
wnhp,25.4,QN0802,NTA2020
wnhp,25.5,QN0803,NTA2020
wnhp,22.7,QN0804,NTA2020
wnhp,16.3,QN0805,NTA2020
wnhp,,QN0871,NTA2020
wnhp,,QN0891,NTA2020
wnhp,40.0,QN0901,NTA2020
wnhp,11.7,QN0902,NTA2020
wnhp,4.0,QN0903,NTA2020
wnhp,9.5,QN0904,NTA2020
wnhp,13.5,QN0905,NTA2020
wnhp,5.1,QN1001,NTA2020
wnhp,19.4,QN1002,NTA2020
wnhp,62.7,QN1003,NTA2020
wnhp,,QN1091,NTA2020
wnhp,31.7,QN1101,NTA2020
wnhp,32.9,QN1102,NTA2020
wnhp,40.9,QN1103,NTA2020
wnhp,33.6,QN1104,NTA2020
wnhp,74.1,QN1191,NTA2020
wnhp,3.3,QN1201,NTA2020
wnhp,1.2,QN1202,NTA2020
wnhp,1.4,QN1203,NTA2020
wnhp,1.1,QN1204,NTA2020
wnhp,1.2,QN1205,NTA2020
wnhp,2.7,QN1206,NTA2020
wnhp,35.7,QN1301,NTA2020
wnhp,20.4,QN1302,NTA2020
wnhp,4.5,QN1303,NTA2020
wnhp,1.4,QN1304,NTA2020
wnhp,1.3,QN1305,NTA2020
wnhp,1.9,QN1306,NTA2020
wnhp,3.4,QN1307,NTA2020
wnhp,,QN1371,NTA2020
wnhp,23.5,QN1401,NTA2020
wnhp,16.5,QN1402,NTA2020
wnhp,81.2,QN1403,NTA2020
wnhp,,QN1491,NTA2020
wnhp,,QN8081,NTA2020
wnhp,6.8,QN8191,NTA2020
wnhp,25.0,QN8291,NTA2020
wnhp,,QN8381,NTA2020
wnhp,,QN8491,NTA2020
wnhp,70.8,QN8492,NTA2020
wnhp,21.4,SI0101,NTA2020
wnhp,15.8,SI0102,NTA2020
wnhp,27.4,SI0103,NTA2020
wnhp,45.0,SI0104,NTA2020
wnhp,66.4,SI0105,NTA2020
wnhp,17.6,SI0106,NTA2020
wnhp,19.8,SI0107,NTA2020
wnhp,87.5,SI0191,NTA2020
wnhp,57.7,SI0201,NTA2020
wnhp,65.8,SI0202,NTA2020
wnhp,62.8,SI0203,NTA2020
wnhp,59.5,SI0204,NTA2020
wnhp,26.7,SI0291,NTA2020
wnhp,72.9,SI0301,NTA2020
wnhp,79.7,SI0302,NTA2020
wnhp,73.7,SI0303,NTA2020
wnhp,82.1,SI0304,NTA2020
wnhp,82.0,SI0305,NTA2020
wnhp,32.6,SI0391,NTA2020
wnhp,48.1,SI9561,NTA2020
wnhp,,SI9591,NTA2020
wnhp,41.3,SI9592,NTA2020
wnhp,60.0,SI9593,NTA2020
bnh,15455.0,BX0101,NTA2020
bnh,12111.0,BX0102,NTA2020
bnh,3752.0,BX0201,NTA2020
bnh,9608.0,BX0202,NTA2020
bnh,0.0,BX0291,NTA2020
bnh,15107.0,BX0301,NTA2020
bnh,10938.0,BX0302,NTA2020
bnh,9873.0,BX0303,NTA2020
bnh,10.0,BX0391,NTA2020
bnh,22108.0,BX0401,NTA2020
bnh,9444.0,BX0402,NTA2020
bnh,12221.0,BX0403,NTA2020
bnh,4.0,BX0491,NTA2020
bnh,7.0,BX0492,NTA2020
bnh,15403.0,BX0501,NTA2020
bnh,13375.0,BX0502,NTA2020
bnh,7100.0,BX0503,NTA2020
bnh,5020.0,BX0601,NTA2020
bnh,10618.0,BX0602,NTA2020
bnh,7443.0,BX0603,NTA2020
bnh,7348.0,BX0701,NTA2020
bnh,10310.0,BX0702,NTA2020
bnh,6437.0,BX0703,NTA2020
bnh,4284.0,BX0801,NTA2020
bnh,2872.0,BX0802,NTA2020
bnh,4074.0,BX0803,NTA2020
bnh,18855.0,BX0901,NTA2020
bnh,11140.0,BX0902,NTA2020
bnh,8481.0,BX0903,NTA2020
bnh,11788.0,BX0904,NTA2020
bnh,0.0,BX0991,NTA2020
bnh,1769.0,BX1001,NTA2020
bnh,4486.0,BX1002,NTA2020
bnh,1660.0,BX1003,NTA2020
bnh,23389.0,BX1004,NTA2020
bnh,0.0,BX1071,NTA2020
bnh,0.0,BX1091,NTA2020
bnh,4728.0,BX1101,NTA2020
bnh,1675.0,BX1102,NTA2020
bnh,8951.0,BX1103,NTA2020
bnh,9518.0,BX1104,NTA2020
bnh,93.0,BX1161,NTA2020
bnh,37033.0,BX1201,NTA2020
bnh,35061.0,BX1202,NTA2020
bnh,25258.0,BX1203,NTA2020
bnh,1.0,BX1271,NTA2020
bnh,35.0,BX2691,NTA2020
bnh,31.0,BX2791,NTA2020
bnh,5.0,BX2891,NTA2020
bnh,2172.0,QN0151,NTA2020
bnh,1025.0,BK0101,NTA2020
bnh,2340.0,BK0102,NTA2020
bnh,1217.0,BK0103,NTA2020
bnh,6110.0,BK0104,NTA2020
bnh,886.0,BK0201,NTA2020
bnh,5905.0,BK0202,NTA2020
bnh,9896.0,BK0203,NTA2020
bnh,7574.0,BK0204,NTA2020
bnh,0.0,BK0261,NTA2020
bnh,30805.0,BK0301,NTA2020
bnh,45584.0,BK0302,NTA2020
bnh,4054.0,BK0401,NTA2020
bnh,14109.0,BK0402,NTA2020
bnh,0.0,BK0471,NTA2020
bnh,6989.0,BK0501,NTA2020
bnh,21181.0,BK0502,NTA2020
bnh,36530.0,BK0503,NTA2020
bnh,9873.0,BK0504,NTA2020
bnh,18506.0,BK0505,NTA2020
bnh,0.0,BK0571,NTA2020
bnh,7280.0,BK0601,NTA2020
bnh,3363.0,BK0602,NTA2020
bnh,876.0,BK0701,NTA2020
bnh,2740.0,BK0702,NTA2020
bnh,610.0,BK0703,NTA2020
bnh,0.0,BK0771,NTA2020
bnh,4520.0,BK0801,NTA2020
bnh,45217.0,BK0802,NTA2020
bnh,3.0,BK0891,NTA2020
bnh,24907.0,BK0901,NTA2020
bnh,26859.0,BK0902,NTA2020
bnh,1840.0,BK1001,NTA2020
bnh,357.0,BK1002,NTA2020
bnh,105.0,BK1061,NTA2020
bnh,0.0,BK1091,NTA2020
bnh,1078.0,BK1101,NTA2020
bnh,443.0,BK1102,NTA2020
bnh,841.0,BK1103,NTA2020
bnh,641.0,BK1201,NTA2020
bnh,804.0,BK1202,NTA2020
bnh,2753.0,BK1203,NTA2020
bnh,632.0,BK1204,NTA2020
bnh,2566.0,BK1301,NTA2020
bnh,10144.0,BK1302,NTA2020
bnh,429.0,BK1303,NTA2020
bnh,0.0,BK1391,NTA2020
bnh,35895.0,BK1401,NTA2020
bnh,7702.0,BK1402,NTA2020
bnh,2833.0,BK1403,NTA2020
bnh,767.0,BK1501,NTA2020
bnh,1228.0,BK1502,NTA2020
bnh,4615.0,BK1503,NTA2020
bnh,24567.0,BK1601,NTA2020
bnh,41736.0,BK1602,NTA2020
bnh,34050.0,BK1701,NTA2020
bnh,27126.0,BK1702,NTA2020
bnh,34671.0,BK1703,NTA2020
bnh,31983.0,BK1704,NTA2020
bnh,19.0,BK1771,NTA2020
bnh,43053.0,BK1801,NTA2020
bnh,6271.0,BK1802,NTA2020
bnh,71576.0,BK1803,NTA2020
bnh,0.0,BK1891,NTA2020
bnh,0.0,BK1892,NTA2020
bnh,0.0,BK1893,NTA2020
bnh,7.0,BK5591,NTA2020
bnh,5.0,BK5691,NTA2020
bnh,0.0,BK5692,NTA2020
bnh,0.0,BK5693,NTA2020
bnh,1779.0,MN0101,NTA2020
bnh,1184.0,MN0102,NTA2020
bnh,1.0,MN0191,NTA2020
bnh,499.0,MN0201,NTA2020
bnh,1037.0,MN0202,NTA2020
bnh,735.0,MN0203,NTA2020
bnh,2858.0,MN0301,NTA2020
bnh,4509.0,MN0302,NTA2020
bnh,5409.0,MN0303,NTA2020
bnh,4830.0,MN0401,NTA2020
bnh,4164.0,MN0402,NTA2020
bnh,2039.0,MN0501,NTA2020
bnh,2419.0,MN0502,NTA2020
bnh,707.0,MN0601,NTA2020
bnh,1080.0,MN0602,NTA2020
bnh,3035.0,MN0603,NTA2020
bnh,912.0,MN0604,NTA2020
bnh,0.0,MN0661,NTA2020
bnh,2820.0,MN0701,NTA2020
bnh,5805.0,MN0702,NTA2020
bnh,6402.0,MN0703,NTA2020
bnh,2688.0,MN0801,NTA2020
bnh,601.0,MN0802,NTA2020
bnh,2968.0,MN0803,NTA2020
bnh,5276.0,MN0901,NTA2020
bnh,5120.0,MN0902,NTA2020
bnh,12926.0,MN0903,NTA2020
bnh,20323.0,MN1001,NTA2020
bnh,47287.0,MN1002,NTA2020
bnh,13170.0,MN1101,NTA2020
bnh,21520.0,MN1102,NTA2020
bnh,621.0,MN1191,NTA2020
bnh,7641.0,MN1201,NTA2020
bnh,3182.0,MN1202,NTA2020
bnh,2331.0,MN1203,NTA2020
bnh,2.0,MN1291,NTA2020
bnh,5.0,MN1292,NTA2020
bnh,49.0,MN6491,NTA2020
bnh,1214.0,QN0101,NTA2020
bnh,2659.0,QN0102,NTA2020
bnh,939.0,QN0103,NTA2020
bnh,1771.0,QN0104,NTA2020
bnh,6519.0,QN0105,NTA2020
bnh,7.0,QN0161,NTA2020
bnh,0.0,QN0171,NTA2020
bnh,0.0,QN0191,NTA2020
bnh,1110.0,QN0201,NTA2020
bnh,1716.0,QN0202,NTA2020
bnh,940.0,QN0203,NTA2020
bnh,9.0,QN0261,NTA2020
bnh,0.0,QN0271,NTA2020
bnh,1602.0,QN0301,NTA2020
bnh,4981.0,QN0302,NTA2020
bnh,2101.0,QN0303,NTA2020
bnh,1617.0,QN0401,NTA2020
bnh,6072.0,QN0402,NTA2020
bnh,607.0,QN0501,NTA2020
bnh,1963.0,QN0502,NTA2020
bnh,822.0,QN0503,NTA2020
bnh,545.0,QN0504,NTA2020
bnh,0.0,QN0571,NTA2020
bnh,0.0,QN0572,NTA2020
bnh,0.0,QN0573,NTA2020
bnh,0.0,QN0574,NTA2020
bnh,854.0,QN0601,NTA2020
bnh,2588.0,QN0602,NTA2020
bnh,687.0,QN0701,NTA2020
bnh,240.0,QN0702,NTA2020
bnh,341.0,QN0703,NTA2020
bnh,875.0,QN0704,NTA2020
bnh,795.0,QN0705,NTA2020
bnh,317.0,QN0706,NTA2020
bnh,2176.0,QN0707,NTA2020
bnh,0.0,QN0761,NTA2020
bnh,0.0,QN0791,NTA2020
bnh,2247.0,QN0801,NTA2020
bnh,4898.0,QN0802,NTA2020
bnh,1374.0,QN0803,NTA2020
bnh,5652.0,QN0804,NTA2020
bnh,4303.0,QN0805,NTA2020
bnh,0.0,QN0871,NTA2020
bnh,2.0,QN0891,NTA2020
bnh,1896.0,QN0901,NTA2020
bnh,2621.0,QN0902,NTA2020
bnh,2305.0,QN0903,NTA2020
bnh,1631.0,QN0904,NTA2020
bnh,1705.0,QN0905,NTA2020
bnh,15595.0,QN1001,NTA2020
bnh,1600.0,QN1002,NTA2020
bnh,842.0,QN1003,NTA2020
bnh,0.0,QN1091,NTA2020
bnh,550.0,QN1101,NTA2020
bnh,806.0,QN1102,NTA2020
bnh,408.0,QN1103,NTA2020
bnh,881.0,QN1104,NTA2020
bnh,0.0,QN1191,NTA2020
bnh,10614.0,QN1201,NTA2020
bnh,23161.0,QN1202,NTA2020
bnh,25894.0,QN1203,NTA2020
bnh,26651.0,QN1204,NTA2020
bnh,40664.0,QN1205,NTA2020
bnh,11062.0,QN1206,NTA2020
bnh,1161.0,QN1301,NTA2020
bnh,2144.0,QN1302,NTA2020
bnh,22922.0,QN1303,NTA2020
bnh,16121.0,QN1304,NTA2020
bnh,21842.0,QN1305,NTA2020
bnh,18164.0,QN1306,NTA2020
bnh,20706.0,QN1307,NTA2020
bnh,0.0,QN1371,NTA2020
bnh,24218.0,QN1401,NTA2020
bnh,19712.0,QN1402,NTA2020
bnh,936.0,QN1403,NTA2020
bnh,1.0,QN1491,NTA2020
bnh,0.0,QN8081,NTA2020
bnh,13.0,QN8191,NTA2020
bnh,0.0,QN8291,NTA2020
bnh,1.0,QN8381,NTA2020
bnh,0.0,QN8491,NTA2020
bnh,5.0,QN8492,NTA2020
bnh,6561.0,SI0101,NTA2020
bnh,6031.0,SI0102,NTA2020
bnh,5553.0,SI0103,NTA2020
bnh,6116.0,SI0104,NTA2020
bnh,855.0,SI0105,NTA2020
bnh,5124.0,SI0106,NTA2020
bnh,9853.0,SI0107,NTA2020
bnh,0.0,SI0191,NTA2020
bnh,1828.0,SI0201,NTA2020
bnh,432.0,SI0202,NTA2020
bnh,1348.0,SI0203,NTA2020
bnh,1295.0,SI0204,NTA2020
bnh,3.0,SI0291,NTA2020
bnh,581.0,SI0301,NTA2020
bnh,316.0,SI0302,NTA2020
bnh,457.0,SI0303,NTA2020
bnh,299.0,SI0304,NTA2020
bnh,136.0,SI0305,NTA2020
bnh,2.0,SI0391,NTA2020
bnh,40.0,SI9561,NTA2020
bnh,0.0,SI9591,NTA2020
bnh,5.0,SI9592,NTA2020
bnh,0.0,SI9593,NTA2020
bnhp,26.8,BX0101,NTA2020
bnhp,28.4,BX0102,NTA2020
bnhp,24.8,BX0201,NTA2020
bnhp,23.8,BX0202,NTA2020
bnhp,,BX0291,NTA2020
bnhp,40.2,BX0301,NTA2020
bnhp,44.5,BX0302,NTA2020
bnhp,32.7,BX0303,NTA2020
bnhp,29.4,BX0391,NTA2020
bnhp,31.9,BX0401,NTA2020
bnhp,29.1,BX0402,NTA2020
bnhp,24.6,BX0403,NTA2020
bnhp,21.1,BX0491,NTA2020
bnhp,70.0,BX0492,NTA2020
bnhp,28.2,BX0501,NTA2020
bnhp,27.2,BX0502,NTA2020
bnhp,22.1,BX0503,NTA2020
bnhp,24.9,BX0601,NTA2020
bnhp,33.0,BX0602,NTA2020
bnhp,20.8,BX0603,NTA2020
bnhp,15.8,BX0701,NTA2020
bnhp,18.6,BX0702,NTA2020
bnhp,14.8,BX0703,NTA2020
bnhp,12.0,BX0801,NTA2020
bnhp,12.6,BX0802,NTA2020
bnhp,8.5,BX0803,NTA2020
bnhp,25.4,BX0901,NTA2020
bnhp,29.9,BX0902,NTA2020
bnhp,20.5,BX0903,NTA2020
bnhp,35.1,BX0904,NTA2020
bnhp,,BX0991,NTA2020
bnhp,10.2,BX1001,NTA2020
bnhp,9.3,BX1002,NTA2020
bnhp,5.6,BX1003,NTA2020
bnhp,62.6,BX1004,NTA2020
bnhp,,BX1071,NTA2020
bnhp,,BX1091,NTA2020
bnhp,14.6,BX1101,NTA2020
bnhp,6.7,BX1102,NTA2020
bnhp,30.4,BX1103,NTA2020
bnhp,27.5,BX1104,NTA2020
bnhp,31.3,BX1161,NTA2020
bnhp,60.4,BX1201,NTA2020
bnhp,67.8,BX1202,NTA2020
bnhp,53.0,BX1203,NTA2020
bnhp,50.0,BX1271,NTA2020
bnhp,28.7,BX2691,NTA2020
bnhp,44.9,BX2791,NTA2020
bnhp,17.9,BX2891,NTA2020
bnhp,57.6,QN0151,NTA2020
bnhp,2.6,BK0101,NTA2020
bnhp,3.6,BK0102,NTA2020
bnhp,2.6,BK0103,NTA2020
bnhp,11.5,BK0104,NTA2020
bnhp,3.5,BK0201,NTA2020
bnhp,14.4,BK0202,NTA2020
bnhp,30.0,BK0203,NTA2020
bnhp,26.4,BK0204,NTA2020
bnhp,,BK0261,NTA2020
bnhp,34.5,BK0301,NTA2020
bnhp,53.8,BK0302,NTA2020
bnhp,6.9,BK0401,NTA2020
bnhp,22.7,BK0402,NTA2020
bnhp,,BK0471,NTA2020
bnhp,16.2,BK0501,NTA2020
bnhp,49.5,BK0502,NTA2020
bnhp,68.9,BK0503,NTA2020
bnhp,57.9,BK0504,NTA2020
bnhp,40.6,BK0505,NTA2020
bnhp,,BK0571,NTA2020
bnhp,12.3,BK0601,NTA2020
bnhp,5.9,BK0602,NTA2020
bnhp,3.7,BK0701,NTA2020
bnhp,5.0,BK0702,NTA2020
bnhp,1.1,BK0703,NTA2020
bnhp,,BK0771,NTA2020
bnhp,19.2,BK0801,NTA2020
bnhp,53.0,BK0802,NTA2020
bnhp,20.0,BK0891,NTA2020
bnhp,49.2,BK0901,NTA2020
bnhp,54.2,BK0902,NTA2020
bnhp,2.1,BK1001,NTA2020
bnhp,0.8,BK1002,NTA2020
bnhp,13.5,BK1061,NTA2020
bnhp,,BK1091,NTA2020
bnhp,1.0,BK1101,NTA2020
bnhp,1.3,BK1102,NTA2020
bnhp,1.4,BK1103,NTA2020
bnhp,1.8,BK1201,NTA2020
bnhp,0.9,BK1202,NTA2020
bnhp,6.6,BK1203,NTA2020
bnhp,1.6,BK1204,NTA2020
bnhp,8.5,BK1301,NTA2020
bnhp,20.5,BK1302,NTA2020
bnhp,1.3,BK1303,NTA2020
bnhp,,BK1391,NTA2020
bnhp,54.0,BK1401,NTA2020
bnhp,17.9,BK1402,NTA2020
bnhp,5.4,BK1403,NTA2020
bnhp,1.5,BK1501,NTA2020
bnhp,3.0,BK1502,NTA2020
bnhp,6.7,BK1503,NTA2020
bnhp,64.7,BK1601,NTA2020
bnhp,69.0,BK1602,NTA2020
bnhp,71.4,BK1701,NTA2020
bnhp,79.0,BK1702,NTA2020
bnhp,81.1,BK1703,NTA2020
bnhp,81.8,BK1704,NTA2020
bnhp,59.4,BK1771,NTA2020
bnhp,64.2,BK1801,NTA2020
bnhp,13.4,BK1802,NTA2020
bnhp,79.6,BK1803,NTA2020
bnhp,,BK1891,NTA2020
bnhp,,BK1892,NTA2020
bnhp,,BK1893,NTA2020
bnhp,46.7,BK5591,NTA2020
bnhp,23.8,BK5691,NTA2020
bnhp,,BK5692,NTA2020
bnhp,,BK5693,NTA2020
bnhp,3.4,MN0101,NTA2020
bnhp,4.7,MN0102,NTA2020
bnhp,12.5,MN0191,NTA2020
bnhp,2.1,MN0201,NTA2020
bnhp,3.0,MN0202,NTA2020
bnhp,2.1,MN0203,NTA2020
bnhp,6.7,MN0301,NTA2020
bnhp,9.2,MN0302,NTA2020
bnhp,7.6,MN0303,NTA2020
bnhp,6.9,MN0401,NTA2020
bnhp,7.0,MN0402,NTA2020
bnhp,6.1,MN0501,NTA2020
bnhp,9.5,MN0502,NTA2020
bnhp,3.1,MN0601,NTA2020
bnhp,3.8,MN0602,NTA2020
bnhp,4.8,MN0603,NTA2020
bnhp,2.0,MN0604,NTA2020
bnhp,,MN0661,NTA2020
bnhp,4.0,MN0701,NTA2020
bnhp,5.7,MN0702,NTA2020
bnhp,12.4,MN0703,NTA2020
bnhp,3.1,MN0801,NTA2020
bnhp,1.0,MN0802,NTA2020
bnhp,3.5,MN0803,NTA2020
bnhp,13.6,MN0901,NTA2020
bnhp,23.1,MN0902,NTA2020
bnhp,26.2,MN0903,NTA2020
bnhp,43.1,MN1001,NTA2020
bnhp,56.7,MN1002,NTA2020
bnhp,22.0,MN1101,NTA2020
bnhp,33.3,MN1102,NTA2020
bnhp,47.7,MN1191,NTA2020
bnhp,10.6,MN1201,NTA2020
bnhp,4.4,MN1202,NTA2020
bnhp,6.4,MN1203,NTA2020
bnhp,16.7,MN1291,NTA2020
bnhp,31.3,MN1292,NTA2020
bnhp,38.0,MN6491,NTA2020
bnhp,2.4,QN0101,NTA2020
bnhp,14.0,QN0102,NTA2020
bnhp,1.8,QN0103,NTA2020
bnhp,4.6,QN0104,NTA2020
bnhp,19.8,QN0105,NTA2020
bnhp,25.9,QN0161,NTA2020
bnhp,,QN0171,NTA2020
bnhp,,QN0191,NTA2020
bnhp,3.4,QN0201,NTA2020
bnhp,3.3,QN0202,NTA2020
bnhp,1.8,QN0203,NTA2020
bnhp,25.0,QN0261,NTA2020
bnhp,,QN0271,NTA2020
bnhp,1.6,QN0301,NTA2020
bnhp,14.8,QN0302,NTA2020
bnhp,4.8,QN0303,NTA2020
bnhp,1.5,QN0401,NTA2020
bnhp,8.2,QN0402,NTA2020
bnhp,1.4,QN0501,NTA2020
bnhp,3.0,QN0502,NTA2020
bnhp,2.3,QN0503,NTA2020
bnhp,1.6,QN0504,NTA2020
bnhp,,QN0571,NTA2020
bnhp,,QN0572,NTA2020
bnhp,,QN0573,NTA2020
bnhp,,QN0574,NTA2020
bnhp,2.8,QN0601,NTA2020
bnhp,2.9,QN0602,NTA2020
bnhp,2.0,QN0701,NTA2020
bnhp,0.8,QN0702,NTA2020
bnhp,1.5,QN0703,NTA2020
bnhp,1.5,QN0704,NTA2020
bnhp,2.3,QN0705,NTA2020
bnhp,1.3,QN0706,NTA2020
bnhp,3.1,QN0707,NTA2020
bnhp,,QN0761,NTA2020
bnhp,,QN0791,NTA2020
bnhp,6.2,QN0801,NTA2020
bnhp,13.7,QN0802,NTA2020
bnhp,5.9,QN0803,NTA2020
bnhp,24.0,QN0804,NTA2020
bnhp,11.0,QN0805,NTA2020
bnhp,,QN0871,NTA2020
bnhp,40.0,QN0891,NTA2020
bnhp,7.8,QN0901,NTA2020
bnhp,7.7,QN0902,NTA2020
bnhp,9.5,QN0903,NTA2020
bnhp,6.0,QN0904,NTA2020
bnhp,4.1,QN0905,NTA2020
bnhp,19.6,QN1001,NTA2020
bnhp,6.8,QN1002,NTA2020
bnhp,3.1,QN1003,NTA2020
bnhp,,QN1091,NTA2020
bnhp,1.5,QN1101,NTA2020
bnhp,2.3,QN1102,NTA2020
bnhp,1.6,QN1103,NTA2020
bnhp,3.5,QN1104,NTA2020
bnhp,,QN1191,NTA2020
bnhp,17.4,QN1201,NTA2020
bnhp,52.2,QN1202,NTA2020
bnhp,60.1,QN1203,NTA2020
bnhp,81.0,QN1204,NTA2020
bnhp,78.5,QN1205,NTA2020
bnhp,45.0,QN1206,NTA2020
bnhp,5.0,QN1301,NTA2020
bnhp,8.1,QN1302,NTA2020
bnhp,42.2,QN1303,NTA2020
bnhp,84.5,QN1304,NTA2020
bnhp,83.7,QN1305,NTA2020
bnhp,78.6,QN1306,NTA2020
bnhp,76.4,QN1307,NTA2020
bnhp,,QN1371,NTA2020
bnhp,41.3,QN1401,NTA2020
bnhp,47.7,QN1402,NTA2020
bnhp,3.9,QN1403,NTA2020
bnhp,8.3,QN1491,NTA2020
bnhp,,QN8081,NTA2020
bnhp,29.5,QN8191,NTA2020
bnhp,,QN8291,NTA2020
bnhp,50.0,QN8381,NTA2020
bnhp,,QN8491,NTA2020
bnhp,20.8,QN8492,NTA2020
bnhp,31.9,SI0101,NTA2020
bnhp,31.7,SI0102,NTA2020
bnhp,21.8,SI0103,NTA2020
bnhp,16.5,SI0104,NTA2020
bnhp,2.7,SI0105,NTA2020
bnhp,22.7,SI0106,NTA2020
bnhp,29.4,SI0107,NTA2020
bnhp,,SI0191,NTA2020
bnhp,5.0,SI0201,NTA2020
bnhp,1.5,SI0202,NTA2020
bnhp,4.1,SI0203,NTA2020
bnhp,3.0,SI0204,NTA2020
bnhp,20.0,SI0291,NTA2020
bnhp,2.6,SI0301,NTA2020
bnhp,0.6,SI0302,NTA2020
bnhp,1.5,SI0303,NTA2020
bnhp,0.7,SI0304,NTA2020
bnhp,0.8,SI0305,NTA2020
bnhp,2.1,SI0391,NTA2020
bnhp,8.1,SI9561,NTA2020
bnhp,,SI9591,NTA2020
bnhp,10.9,SI9592,NTA2020
bnhp,,SI9593,NTA2020
anh,476.0,BX0101,NTA2020
anh,426.0,BX0102,NTA2020
anh,108.0,BX0201,NTA2020
anh,294.0,BX0202,NTA2020
anh,0.0,BX0291,NTA2020
anh,184.0,BX0301,NTA2020
anh,69.0,BX0302,NTA2020
anh,254.0,BX0303,NTA2020
anh,0.0,BX0391,NTA2020
anh,1730.0,BX0401,NTA2020
anh,247.0,BX0402,NTA2020
anh,619.0,BX0403,NTA2020
anh,0.0,BX0491,NTA2020
anh,0.0,BX0492,NTA2020
anh,854.0,BX0501,NTA2020
anh,611.0,BX0502,NTA2020
anh,456.0,BX0503,NTA2020
anh,230.0,BX0601,NTA2020
anh,181.0,BX0602,NTA2020
anh,738.0,BX0603,NTA2020
anh,1661.0,BX0701,NTA2020
anh,2325.0,BX0702,NTA2020
anh,6049.0,BX0703,NTA2020
anh,1287.0,BX0801,NTA2020
anh,923.0,BX0802,NTA2020
anh,3092.0,BX0803,NTA2020
anh,4293.0,BX0901,NTA2020
anh,769.0,BX0902,NTA2020
anh,7200.0,BX0903,NTA2020
anh,8550.0,BX0904,NTA2020
anh,0.0,BX0991,NTA2020
anh,4878.0,BX1001,NTA2020
anh,2460.0,BX1002,NTA2020
anh,1807.0,BX1003,NTA2020
anh,490.0,BX1004,NTA2020
anh,0.0,BX1071,NTA2020
anh,0.0,BX1091,NTA2020
anh,2605.0,BX1101,NTA2020
anh,3540.0,BX1102,NTA2020
anh,3399.0,BX1103,NTA2020
anh,1688.0,BX1104,NTA2020
anh,3.0,BX1161,NTA2020
anh,1216.0,BX1201,NTA2020
anh,656.0,BX1202,NTA2020
anh,1462.0,BX1203,NTA2020
anh,0.0,BX1271,NTA2020
anh,4.0,BX2691,NTA2020
anh,0.0,BX2791,NTA2020
anh,3.0,BX2891,NTA2020
anh,59.0,QN0151,NTA2020
anh,2477.0,BK0101,NTA2020
anh,4974.0,BK0102,NTA2020
anh,363.0,BK0103,NTA2020
anh,5817.0,BK0104,NTA2020
anh,2282.0,BK0201,NTA2020
anh,7606.0,BK0202,NTA2020
anh,3916.0,BK0203,NTA2020
anh,2714.0,BK0204,NTA2020
anh,0.0,BK0261,NTA2020
anh,4635.0,BK0301,NTA2020
anh,3311.0,BK0302,NTA2020
anh,4458.0,BK0401,NTA2020
anh,2944.0,BK0402,NTA2020
anh,0.0,BK0471,NTA2020
anh,2697.0,BK0501,NTA2020
anh,1708.0,BK0502,NTA2020
anh,636.0,BK0503,NTA2020
anh,424.0,BK0504,NTA2020
anh,9337.0,BK0505,NTA2020
anh,0.0,BK0571,NTA2020
anh,3924.0,BK0601,NTA2020
anh,4641.0,BK0602,NTA2020
anh,2200.0,BK0701,NTA2020
anh,7139.0,BK0702,NTA2020
anh,31444.0,BK0703,NTA2020
anh,2.0,BK0771,NTA2020
anh,2041.0,BK0801,NTA2020
anh,3461.0,BK0802,NTA2020
anh,0.0,BK0891,NTA2020
anh,931.0,BK0901,NTA2020
anh,1610.0,BK0902,NTA2020
anh,13662.0,BK1001,NTA2020
anh,22042.0,BK1002,NTA2020
anh,81.0,BK1061,NTA2020
anh,0.0,BK1091,NTA2020
anh,46034.0,BK1101,NTA2020
anh,13543.0,BK1102,NTA2020
anh,26717.0,BK1103,NTA2020
anh,19480.0,BK1201,NTA2020
anh,8166.0,BK1202,NTA2020
anh,12224.0,BK1203,NTA2020
anh,4752.0,BK1204,NTA2020
anh,7949.0,BK1301,NTA2020
anh,4193.0,BK1302,NTA2020
anh,5462.0,BK1303,NTA2020
anh,0.0,BK1391,NTA2020
anh,3407.0,BK1401,NTA2020
anh,9288.0,BK1402,NTA2020
anh,7894.0,BK1403,NTA2020
anh,9108.0,BK1501,NTA2020
anh,9938.0,BK1502,NTA2020
anh,14205.0,BK1503,NTA2020
anh,741.0,BK1601,NTA2020
anh,617.0,BK1602,NTA2020
anh,1310.0,BK1701,NTA2020
anh,827.0,BK1702,NTA2020
anh,685.0,BK1703,NTA2020
anh,251.0,BK1704,NTA2020
anh,6.0,BK1771,NTA2020
anh,3899.0,BK1801,NTA2020
anh,4762.0,BK1802,NTA2020
anh,1841.0,BK1803,NTA2020
anh,0.0,BK1891,NTA2020
anh,0.0,BK1892,NTA2020
anh,0.0,BK1893,NTA2020
anh,0.0,BK5591,NTA2020
anh,0.0,BK5691,NTA2020
anh,0.0,BK5692,NTA2020
anh,0.0,BK5693,NTA2020
anh,10813.0,MN0101,NTA2020
anh,3448.0,MN0102,NTA2020
anh,2.0,MN0191,NTA2020
anh,5860.0,MN0201,NTA2020
anh,3783.0,MN0202,NTA2020
anh,2279.0,MN0203,NTA2020
anh,27177.0,MN0301,NTA2020
anh,12277.0,MN0302,NTA2020
anh,10734.0,MN0303,NTA2020
anh,10489.0,MN0401,NTA2020
anh,12011.0,MN0402,NTA2020
anh,5779.0,MN0501,NTA2020
anh,5437.0,MN0502,NTA2020
anh,3661.0,MN0601,NTA2020
anh,3979.0,MN0602,NTA2020
anh,13029.0,MN0603,NTA2020
anh,7531.0,MN0604,NTA2020
anh,0.0,MN0661,NTA2020
anh,10106.0,MN0701,NTA2020
anh,7710.0,MN0702,NTA2020
anh,5443.0,MN0703,NTA2020
anh,12699.0,MN0801,NTA2020
anh,4412.0,MN0802,NTA2020
anh,9425.0,MN0803,NTA2020
anh,8063.0,MN0901,NTA2020
anh,1036.0,MN0902,NTA2020
anh,1685.0,MN0903,NTA2020
anh,2707.0,MN1001,NTA2020
anh,2341.0,MN1002,NTA2020
anh,6717.0,MN1101,NTA2020
anh,3095.0,MN1102,NTA2020
anh,13.0,MN1191,NTA2020
anh,2835.0,MN1201,NTA2020
anh,2141.0,MN1202,NTA2020
anh,775.0,MN1203,NTA2020
anh,0.0,MN1291,NTA2020
anh,0.0,MN1292,NTA2020
anh,2.0,MN6491,NTA2020
anh,5089.0,QN0101,NTA2020
anh,2635.0,QN0102,NTA2020
anh,8982.0,QN0103,NTA2020
anh,6419.0,QN0104,NTA2020
anh,6799.0,QN0105,NTA2020
anh,6.0,QN0161,NTA2020
anh,0.0,QN0171,NTA2020
anh,0.0,QN0191,NTA2020
anh,10927.0,QN0201,NTA2020
anh,13123.0,QN0202,NTA2020
anh,24634.0,QN0203,NTA2020
anh,3.0,QN0261,NTA2020
anh,0.0,QN0271,NTA2020
anh,27581.0,QN0301,NTA2020
anh,4152.0,QN0302,NTA2020
anh,2542.0,QN0303,NTA2020
anh,55785.0,QN0401,NTA2020
anh,10561.0,QN0402,NTA2020
anh,6916.0,QN0501,NTA2020
anh,6007.0,QN0502,NTA2020
anh,1587.0,QN0503,NTA2020
anh,4813.0,QN0504,NTA2020
anh,0.0,QN0571,NTA2020
anh,0.0,QN0572,NTA2020
anh,0.0,QN0573,NTA2020
anh,0.0,QN0574,NTA2020
anh,11112.0,QN0601,NTA2020
anh,26029.0,QN0602,NTA2020
anh,11525.0,QN0701,NTA2020
anh,7430.0,QN0702,NTA2020
anh,7217.0,QN0703,NTA2020
anh,34762.0,QN0704,NTA2020
anh,23494.0,QN0705,NTA2020
anh,16896.0,QN0706,NTA2020
anh,54191.0,QN0707,NTA2020
anh,0.0,QN0761,NTA2020
anh,1.0,QN0791,NTA2020
anh,9706.0,QN0801,NTA2020
anh,12061.0,QN0802,NTA2020
anh,12319.0,QN0803,NTA2020
anh,7345.0,QN0804,NTA2020
anh,16609.0,QN0805,NTA2020
anh,0.0,QN0871,NTA2020
anh,2.0,QN0891,NTA2020
anh,4464.0,QN0901,NTA2020
anh,7680.0,QN0902,NTA2020
anh,9648.0,QN0903,NTA2020
anh,8655.0,QN0904,NTA2020
anh,7716.0,QN0905,NTA2020
anh,20619.0,QN1001,NTA2020
anh,6274.0,QN1002,NTA2020
anh,1584.0,QN1003,NTA2020
anh,0.0,QN1091,NTA2020
anh,18220.0,QN1101,NTA2020
anh,18076.0,QN1102,NTA2020
anh,11354.0,QN1103,NTA2020
anh,12329.0,QN1104,NTA2020
anh,4.0,QN1191,NTA2020
anh,21263.0,QN1201,NTA2020
anh,7240.0,QN1202,NTA2020
anh,3804.0,QN1203,NTA2020
anh,699.0,QN1204,NTA2020
anh,1764.0,QN1205,NTA2020
anh,5426.0,QN1206,NTA2020
anh,10190.0,QN1301,NTA2020
anh,12942.0,QN1302,NTA2020
anh,12071.0,QN1303,NTA2020
anh,259.0,QN1304,NTA2020
anh,234.0,QN1305,NTA2020
anh,613.0,QN1306,NTA2020
anh,639.0,QN1307,NTA2020
anh,0.0,QN1371,NTA2020
anh,1401.0,QN1401,NTA2020
anh,1756.0,QN1402,NTA2020
anh,396.0,QN1403,NTA2020
anh,0.0,QN1491,NTA2020
anh,0.0,QN8081,NTA2020
anh,3.0,QN8191,NTA2020
anh,0.0,QN8291,NTA2020
anh,0.0,QN8381,NTA2020
anh,0.0,QN8491,NTA2020
anh,0.0,QN8492,NTA2020
anh,1471.0,SI0101,NTA2020
anh,1828.0,SI0102,NTA2020
anh,5627.0,SI0103,NTA2020
anh,2975.0,SI0104,NTA2020
anh,3505.0,SI0105,NTA2020
anh,1567.0,SI0106,NTA2020
anh,3659.0,SI0107,NTA2020
anh,0.0,SI0191,NTA2020
anh,6499.0,SI0201,NTA2020
anh,4507.0,SI0202,NTA2020
anh,6486.0,SI0203,NTA2020
anh,8401.0,SI0204,NTA2020
anh,0.0,SI0291,NTA2020
anh,2366.0,SI0301,NTA2020
anh,4076.0,SI0302,NTA2020
anh,2934.0,SI0303,NTA2020
anh,2372.0,SI0304,NTA2020
anh,439.0,SI0305,NTA2020
anh,19.0,SI0391,NTA2020
anh,15.0,SI9561,NTA2020
anh,0.0,SI9591,NTA2020
anh,7.0,SI9592,NTA2020
anh,0.0,SI9593,NTA2020
anhp,0.8,BX0101,NTA2020
anhp,1.0,BX0102,NTA2020
anhp,0.7,BX0201,NTA2020
anhp,0.7,BX0202,NTA2020
anhp,,BX0291,NTA2020
anhp,0.5,BX0301,NTA2020
anhp,0.3,BX0302,NTA2020
anhp,0.8,BX0303,NTA2020
anhp,,BX0391,NTA2020
anhp,2.5,BX0401,NTA2020
anhp,0.8,BX0402,NTA2020
anhp,1.2,BX0403,NTA2020
anhp,,BX0491,NTA2020
anhp,,BX0492,NTA2020
anhp,1.6,BX0501,NTA2020
anhp,1.2,BX0502,NTA2020
anhp,1.4,BX0503,NTA2020
anhp,1.1,BX0601,NTA2020
anhp,0.6,BX0602,NTA2020
anhp,2.1,BX0603,NTA2020
anhp,3.6,BX0701,NTA2020
anhp,4.2,BX0702,NTA2020
anhp,13.9,BX0703,NTA2020
anhp,3.6,BX0801,NTA2020
anhp,4.0,BX0802,NTA2020
anhp,6.5,BX0803,NTA2020
anhp,5.8,BX0901,NTA2020
anhp,2.1,BX0902,NTA2020
anhp,17.4,BX0903,NTA2020
anhp,25.4,BX0904,NTA2020
anhp,,BX0991,NTA2020
anhp,28.1,BX1001,NTA2020
anhp,5.1,BX1002,NTA2020
anhp,6.1,BX1003,NTA2020
anhp,1.3,BX1004,NTA2020
anhp,,BX1071,NTA2020
anhp,,BX1091,NTA2020
anhp,8.0,BX1101,NTA2020
anhp,14.1,BX1102,NTA2020
anhp,11.6,BX1103,NTA2020
anhp,4.9,BX1104,NTA2020
anhp,1.0,BX1161,NTA2020
anhp,2.0,BX1201,NTA2020
anhp,1.3,BX1202,NTA2020
anhp,3.1,BX1203,NTA2020
anhp,,BX1271,NTA2020
anhp,3.3,BX2691,NTA2020
anhp,,BX2791,NTA2020
anhp,10.7,BX2891,NTA2020
anhp,1.6,QN0151,NTA2020
anhp,6.4,BK0101,NTA2020
anhp,7.7,BK0102,NTA2020
anhp,0.8,BK0103,NTA2020
anhp,11.0,BK0104,NTA2020
anhp,9.1,BK0201,NTA2020
anhp,18.6,BK0202,NTA2020
anhp,11.9,BK0203,NTA2020
anhp,9.5,BK0204,NTA2020
anhp,,BK0261,NTA2020
anhp,5.2,BK0301,NTA2020
anhp,3.9,BK0302,NTA2020
anhp,7.6,BK0401,NTA2020
anhp,4.7,BK0402,NTA2020
anhp,,BK0471,NTA2020
anhp,6.2,BK0501,NTA2020
anhp,4.0,BK0502,NTA2020
anhp,1.2,BK0503,NTA2020
anhp,2.5,BK0504,NTA2020
anhp,20.5,BK0505,NTA2020
anhp,,BK0571,NTA2020
anhp,6.6,BK0601,NTA2020
anhp,8.1,BK0602,NTA2020
anhp,9.3,BK0701,NTA2020
anhp,13.1,BK0702,NTA2020
anhp,56.5,BK0703,NTA2020
anhp,40.0,BK0771,NTA2020
anhp,8.7,BK0801,NTA2020
anhp,4.1,BK0802,NTA2020
anhp,,BK0891,NTA2020
anhp,1.8,BK0901,NTA2020
anhp,3.3,BK0902,NTA2020
anhp,15.7,BK1001,NTA2020
anhp,47.1,BK1002,NTA2020
anhp,10.5,BK1061,NTA2020
anhp,,BK1091,NTA2020
anhp,43.9,BK1101,NTA2020
anhp,41.0,BK1102,NTA2020
anhp,44.1,BK1103,NTA2020
anhp,54.7,BK1201,NTA2020
anhp,8.7,BK1202,NTA2020
anhp,29.3,BK1203,NTA2020
anhp,12.1,BK1204,NTA2020
anhp,26.2,BK1301,NTA2020
anhp,8.5,BK1302,NTA2020
anhp,16.3,BK1303,NTA2020
anhp,,BK1391,NTA2020
anhp,5.1,BK1401,NTA2020
anhp,21.6,BK1402,NTA2020
anhp,14.9,BK1403,NTA2020
anhp,17.3,BK1501,NTA2020
anhp,24.0,BK1502,NTA2020
anhp,20.6,BK1503,NTA2020
anhp,2.0,BK1601,NTA2020
anhp,1.0,BK1602,NTA2020
anhp,2.7,BK1701,NTA2020
anhp,2.4,BK1702,NTA2020
anhp,1.6,BK1703,NTA2020
anhp,0.6,BK1704,NTA2020
anhp,18.8,BK1771,NTA2020
anhp,5.8,BK1801,NTA2020
anhp,10.1,BK1802,NTA2020
anhp,2.0,BK1803,NTA2020
anhp,,BK1891,NTA2020
anhp,,BK1892,NTA2020
anhp,,BK1893,NTA2020
anhp,,BK5591,NTA2020
anhp,,BK5691,NTA2020
anhp,,BK5692,NTA2020
anhp,,BK5693,NTA2020
anhp,20.4,MN0101,NTA2020
anhp,13.6,MN0102,NTA2020
anhp,25.0,MN0191,NTA2020
anhp,25.2,MN0201,NTA2020
anhp,11.1,MN0202,NTA2020
anhp,6.5,MN0203,NTA2020
anhp,63.9,MN0301,NTA2020
anhp,25.0,MN0302,NTA2020
anhp,15.0,MN0303,NTA2020
anhp,15.0,MN0401,NTA2020
anhp,20.2,MN0402,NTA2020
anhp,17.4,MN0501,NTA2020
anhp,21.3,MN0502,NTA2020
anhp,16.3,MN0601,NTA2020
anhp,13.9,MN0602,NTA2020
anhp,20.5,MN0603,NTA2020
anhp,16.5,MN0604,NTA2020
anhp,,MN0661,NTA2020
anhp,14.3,MN0701,NTA2020
anhp,7.6,MN0702,NTA2020
anhp,10.5,MN0703,NTA2020
anhp,14.8,MN0801,NTA2020
anhp,7.1,MN0802,NTA2020
anhp,11.2,MN0803,NTA2020
anhp,20.7,MN0901,NTA2020
anhp,4.7,MN0902,NTA2020
anhp,3.4,MN0903,NTA2020
anhp,5.7,MN1001,NTA2020
anhp,2.8,MN1002,NTA2020
anhp,11.2,MN1101,NTA2020
anhp,4.8,MN1102,NTA2020
anhp,1.0,MN1191,NTA2020
anhp,3.9,MN1201,NTA2020
anhp,3.0,MN1202,NTA2020
anhp,2.1,MN1203,NTA2020
anhp,,MN1291,NTA2020
anhp,,MN1292,NTA2020
anhp,1.6,MN6491,NTA2020
anhp,10.1,QN0101,NTA2020
anhp,13.9,QN0102,NTA2020
anhp,17.2,QN0103,NTA2020
anhp,16.6,QN0104,NTA2020
anhp,20.6,QN0105,NTA2020
anhp,22.2,QN0161,NTA2020
anhp,,QN0171,NTA2020
anhp,,QN0191,NTA2020
anhp,33.9,QN0201,NTA2020
anhp,25.1,QN0202,NTA2020
anhp,46.3,QN0203,NTA2020
anhp,8.3,QN0261,NTA2020
anhp,,QN0271,NTA2020
anhp,27.1,QN0301,NTA2020
anhp,12.4,QN0302,NTA2020
anhp,5.9,QN0303,NTA2020
anhp,51.7,QN0401,NTA2020
anhp,14.3,QN0402,NTA2020
anhp,16.0,QN0501,NTA2020
anhp,9.0,QN0502,NTA2020
anhp,4.5,QN0503,NTA2020
anhp,14.0,QN0504,NTA2020
anhp,,QN0571,NTA2020
anhp,,QN0572,NTA2020
anhp,,QN0573,NTA2020
anhp,,QN0574,NTA2020
anhp,36.1,QN0601,NTA2020
anhp,29.3,QN0602,NTA2020
anhp,34.3,QN0701,NTA2020
anhp,26.2,QN0702,NTA2020
anhp,31.0,QN0703,NTA2020
anhp,60.6,QN0704,NTA2020
anhp,67.7,QN0705,NTA2020
anhp,71.5,QN0706,NTA2020
anhp,77.5,QN0707,NTA2020
anhp,,QN0761,NTA2020
anhp,50.0,QN0791,NTA2020
anhp,27.0,QN0801,NTA2020
anhp,33.8,QN0802,NTA2020
anhp,52.6,QN0803,NTA2020
anhp,31.2,QN0804,NTA2020
anhp,42.3,QN0805,NTA2020
anhp,,QN0871,NTA2020
anhp,40.0,QN0891,NTA2020
anhp,18.3,QN0901,NTA2020
anhp,22.5,QN0902,NTA2020
anhp,40.0,QN0903,NTA2020
anhp,31.7,QN0904,NTA2020
anhp,18.4,QN0905,NTA2020
anhp,25.9,QN1001,NTA2020
anhp,26.7,QN1002,NTA2020
anhp,5.8,QN1003,NTA2020
anhp,,QN1091,NTA2020
anhp,50.4,QN1101,NTA2020
anhp,50.8,QN1102,NTA2020
anhp,44.9,QN1103,NTA2020
anhp,48.8,QN1104,NTA2020
anhp,4.7,QN1191,NTA2020
anhp,34.9,QN1201,NTA2020
anhp,16.3,QN1202,NTA2020
anhp,8.8,QN1203,NTA2020
anhp,2.1,QN1204,NTA2020
anhp,3.4,QN1205,NTA2020
anhp,22.1,QN1206,NTA2020
anhp,43.6,QN1301,NTA2020
anhp,48.7,QN1302,NTA2020
anhp,22.2,QN1303,NTA2020
anhp,1.4,QN1304,NTA2020
anhp,0.9,QN1305,NTA2020
anhp,2.7,QN1306,NTA2020
anhp,2.4,QN1307,NTA2020
anhp,,QN1371,NTA2020
anhp,2.4,QN1401,NTA2020
anhp,4.2,QN1402,NTA2020
anhp,1.6,QN1403,NTA2020
anhp,,QN1491,NTA2020
anhp,,QN8081,NTA2020
anhp,6.8,QN8191,NTA2020
anhp,,QN8291,NTA2020
anhp,,QN8381,NTA2020
anhp,,QN8491,NTA2020
anhp,,QN8492,NTA2020
anhp,7.2,SI0101,NTA2020
anhp,9.6,SI0102,NTA2020
anhp,22.1,SI0103,NTA2020
anhp,8.0,SI0104,NTA2020
anhp,11.1,SI0105,NTA2020
anhp,6.9,SI0106,NTA2020
anhp,10.9,SI0107,NTA2020
anhp,,SI0191,NTA2020
anhp,17.9,SI0201,NTA2020
anhp,15.5,SI0202,NTA2020
anhp,19.8,SI0203,NTA2020
anhp,19.6,SI0204,NTA2020
anhp,,SI0291,NTA2020
anhp,10.6,SI0301,NTA2020
anhp,7.5,SI0302,NTA2020
anhp,9.6,SI0303,NTA2020
anhp,5.9,SI0304,NTA2020
anhp,2.7,SI0305,NTA2020
anhp,20.0,SI0391,NTA2020
anhp,3.0,SI9561,NTA2020
anhp,,SI9591,NTA2020
anhp,15.2,SI9592,NTA2020
anhp,,SI9593,NTA2020
pop1,57718.0,BX0101,NTA2020
pop1,42651.0,BX0102,NTA2020
pop1,15131.0,BX0201,NTA2020
pop1,40289.0,BX0202,NTA2020
pop1,0.0,BX0291,NTA2020
pop1,37607.0,BX0301,NTA2020
pop1,24553.0,BX0302,NTA2020
pop1,30158.0,BX0303,NTA2020
pop1,34.0,BX0391,NTA2020
pop1,69387.0,BX0401,NTA2020
pop1,32456.0,BX0402,NTA2020
pop1,49651.0,BX0403,NTA2020
pop1,19.0,BX0491,NTA2020
pop1,10.0,BX0492,NTA2020
pop1,54682.0,BX0501,NTA2020
pop1,49099.0,BX0502,NTA2020
pop1,32099.0,BX0503,NTA2020
pop1,20147.0,BX0601,NTA2020
pop1,32150.0,BX0602,NTA2020
pop1,35825.0,BX0603,NTA2020
pop1,46538.0,BX0701,NTA2020
pop1,55521.0,BX0702,NTA2020
pop1,43466.0,BX0703,NTA2020
pop1,35777.0,BX0801,NTA2020
pop1,22807.0,BX0802,NTA2020
pop1,47927.0,BX0803,NTA2020
pop1,74342.0,BX0901,NTA2020
pop1,37297.0,BX0902,NTA2020
pop1,41420.0,BX0903,NTA2020
pop1,33602.0,BX0904,NTA2020
pop1,6.0,BX0991,NTA2020
pop1,17376.0,BX1001,NTA2020
pop1,48116.0,BX1002,NTA2020
pop1,29462.0,BX1003,NTA2020
pop1,37369.0,BX1004,NTA2020
pop1,0.0,BX1071,NTA2020
pop1,0.0,BX1091,NTA2020
pop1,32425.0,BX1101,NTA2020
pop1,25077.0,BX1102,NTA2020
pop1,29402.0,BX1103,NTA2020
pop1,34623.0,BX1104,NTA2020
pop1,297.0,BX1161,NTA2020
pop1,61346.0,BX1201,NTA2020
pop1,51736.0,BX1202,NTA2020
pop1,47657.0,BX1203,NTA2020
pop1,2.0,BX1271,NTA2020
pop1,122.0,BX2691,NTA2020
pop1,69.0,BX2791,NTA2020
pop1,28.0,BX2891,NTA2020
pop1,3772.0,QN0151,NTA2020
pop1,38980.0,BK0101,NTA2020
pop1,64444.0,BK0102,NTA2020
pop1,47703.0,BK0103,NTA2020
pop1,52998.0,BK0104,NTA2020
pop1,25092.0,BK0201,NTA2020
pop1,40968.0,BK0202,NTA2020
pop1,32938.0,BK0203,NTA2020
pop1,28647.0,BK0204,NTA2020
pop1,5.0,BK0261,NTA2020
pop1,89189.0,BK0301,NTA2020
pop1,84653.0,BK0302,NTA2020
pop1,58692.0,BK0401,NTA2020
pop1,62049.0,BK0402,NTA2020
pop1,6.0,BK0471,NTA2020
pop1,43256.0,BK0501,NTA2020
pop1,42818.0,BK0502,NTA2020
pop1,53004.0,BK0503,NTA2020
pop1,17038.0,BK0504,NTA2020
pop1,45559.0,BK0505,NTA2020
pop1,7.0,BK0571,NTA2020
pop1,59166.0,BK0601,NTA2020
pop1,57405.0,BK0602,NTA2020
pop1,23622.0,BK0701,NTA2020
pop1,54473.0,BK0702,NTA2020
pop1,55606.0,BK0703,NTA2020
pop1,5.0,BK0771,NTA2020
pop1,23515.0,BK0801,NTA2020
pop1,85275.0,BK0802,NTA2020
pop1,15.0,BK0891,NTA2020
pop1,50590.0,BK0901,NTA2020
pop1,49513.0,BK0902,NTA2020
pop1,86779.0,BK1001,NTA2020
pop1,46756.0,BK1002,NTA2020
pop1,775.0,BK1061,NTA2020
pop1,9.0,BK1091,NTA2020
pop1,104934.0,BK1101,NTA2020
pop1,33070.0,BK1102,NTA2020
pop1,60523.0,BK1103,NTA2020
pop1,35632.0,BK1201,NTA2020
pop1,93905.0,BK1202,NTA2020
pop1,41758.0,BK1203,NTA2020
pop1,39137.0,BK1204,NTA2020
pop1,30366.0,BK1301,NTA2020
pop1,49517.0,BK1302,NTA2020
pop1,33568.0,BK1303,NTA2020
pop1,0.0,BK1391,NTA2020
pop1,66503.0,BK1401,NTA2020
pop1,43016.0,BK1402,NTA2020
pop1,52891.0,BK1403,NTA2020
pop1,52797.0,BK1501,NTA2020
pop1,41465.0,BK1502,NTA2020
pop1,69084.0,BK1503,NTA2020
pop1,37952.0,BK1601,NTA2020
pop1,60470.0,BK1602,NTA2020
pop1,47690.0,BK1701,NTA2020
pop1,34317.0,BK1702,NTA2020
pop1,42762.0,BK1703,NTA2020
pop1,39115.0,BK1704,NTA2020
pop1,32.0,BK1771,NTA2020
pop1,67087.0,BK1801,NTA2020
pop1,46955.0,BK1802,NTA2020
pop1,89932.0,BK1803,NTA2020
pop1,1.0,BK1891,NTA2020
pop1,4.0,BK1892,NTA2020
pop1,5.0,BK1893,NTA2020
pop1,15.0,BK5591,NTA2020
pop1,21.0,BK5691,NTA2020
pop1,0.0,BK5692,NTA2020
pop1,0.0,BK5693,NTA2020
pop1,52992.0,MN0101,NTA2020
pop1,25390.0,MN0102,NTA2020
pop1,8.0,MN0191,NTA2020
pop1,23287.0,MN0201,NTA2020
pop1,34147.0,MN0202,NTA2020
pop1,35011.0,MN0203,NTA2020
pop1,42556.0,MN0301,NTA2020
pop1,49149.0,MN0302,NTA2020
pop1,71436.0,MN0303,NTA2020
pop1,69741.0,MN0401,NTA2020
pop1,59524.0,MN0402,NTA2020
pop1,33214.0,MN0501,NTA2020
pop1,25575.0,MN0502,NTA2020
pop1,22512.0,MN0601,NTA2020
pop1,28628.0,MN0602,NTA2020
pop1,63520.0,MN0603,NTA2020
pop1,45765.0,MN0604,NTA2020
pop1,0.0,MN0661,NTA2020
pop1,70697.0,MN0701,NTA2020
pop1,101767.0,MN0702,NTA2020
pop1,51751.0,MN0703,NTA2020
pop1,85527.0,MN0801,NTA2020
pop1,62410.0,MN0802,NTA2020
pop1,84046.0,MN0803,NTA2020
pop1,38865.0,MN0901,NTA2020
pop1,22183.0,MN0902,NTA2020
pop1,49410.0,MN0903,NTA2020
pop1,47113.0,MN1001,NTA2020
pop1,83327.0,MN1002,NTA2020
pop1,59814.0,MN1101,NTA2020
pop1,64655.0,MN1102,NTA2020
pop1,1302.0,MN1191,NTA2020
pop1,72037.0,MN1201,NTA2020
pop1,71842.0,MN1202,NTA2020
pop1,36299.0,MN1203,NTA2020
pop1,12.0,MN1291,NTA2020
pop1,16.0,MN1292,NTA2020
pop1,129.0,MN6491,NTA2020
pop1,50225.0,QN0101,NTA2020
pop1,18927.0,QN0102,NTA2020
pop1,52220.0,QN0103,NTA2020
pop1,38673.0,QN0104,NTA2020
pop1,32954.0,QN0105,NTA2020
pop1,27.0,QN0161,NTA2020
pop1,5.0,QN0171,NTA2020
pop1,0.0,QN0191,NTA2020
pop1,32216.0,QN0201,NTA2020
pop1,52278.0,QN0202,NTA2020
pop1,53188.0,QN0203,NTA2020
pop1,36.0,QN0261,NTA2020
pop1,0.0,QN0271,NTA2020
pop1,101848.0,QN0301,NTA2020
pop1,33573.0,QN0302,NTA2020
pop1,43434.0,QN0303,NTA2020
pop1,107864.0,QN0401,NTA2020
pop1,73822.0,QN0402,NTA2020
pop1,43257.0,QN0501,NTA2020
pop1,66402.0,QN0502,NTA2020
pop1,35135.0,QN0503,NTA2020
pop1,34474.0,QN0504,NTA2020
pop1,3.0,QN0571,NTA2020
pop1,0.0,QN0572,NTA2020
pop1,3.0,QN0573,NTA2020
pop1,20.0,QN0574,NTA2020
pop1,30741.0,QN0601,NTA2020
pop1,88965.0,QN0602,NTA2020
pop1,33625.0,QN0701,NTA2020
pop1,28408.0,QN0702,NTA2020
pop1,23287.0,QN0703,NTA2020
pop1,57387.0,QN0704,NTA2020
pop1,34704.0,QN0705,NTA2020
pop1,23638.0,QN0706,NTA2020
pop1,69879.0,QN0707,NTA2020
pop1,0.0,QN0761,NTA2020
pop1,2.0,QN0791,NTA2020
pop1,36009.0,QN0801,NTA2020
pop1,35669.0,QN0802,NTA2020
pop1,23434.0,QN0803,NTA2020
pop1,23576.0,QN0804,NTA2020
pop1,39292.0,QN0805,NTA2020
pop1,1.0,QN0871,NTA2020
pop1,5.0,QN0891,NTA2020
pop1,24371.0,QN0901,NTA2020
pop1,34100.0,QN0902,NTA2020
pop1,24141.0,QN0903,NTA2020
pop1,27312.0,QN0904,NTA2020
pop1,41948.0,QN0905,NTA2020
pop1,79540.0,QN1001,NTA2020
pop1,23518.0,QN1002,NTA2020
pop1,27320.0,QN1003,NTA2020
pop1,0.0,QN1091,NTA2020
pop1,36182.0,QN1101,NTA2020
pop1,35588.0,QN1102,NTA2020
pop1,25262.0,QN1103,NTA2020
pop1,25249.0,QN1104,NTA2020
pop1,85.0,QN1191,NTA2020
pop1,60993.0,QN1201,NTA2020
pop1,44401.0,QN1202,NTA2020
pop1,43090.0,QN1203,NTA2020
pop1,32883.0,QN1204,NTA2020
pop1,51816.0,QN1205,NTA2020
pop1,24576.0,QN1206,NTA2020
pop1,23364.0,QN1301,NTA2020
pop1,26566.0,QN1302,NTA2020
pop1,54345.0,QN1303,NTA2020
pop1,19081.0,QN1304,NTA2020
pop1,26088.0,QN1305,NTA2020
pop1,23103.0,QN1306,NTA2020
pop1,27101.0,QN1307,NTA2020
pop1,0.0,QN1371,NTA2020
pop1,58648.0,QN1401,NTA2020
pop1,41367.0,QN1402,NTA2020
pop1,24134.0,QN1403,NTA2020
pop1,12.0,QN1491,NTA2020
pop1,0.0,QN8081,NTA2020
pop1,44.0,QN8191,NTA2020
pop1,4.0,QN8291,NTA2020
pop1,2.0,QN8381,NTA2020
pop1,0.0,QN8491,NTA2020
pop1,24.0,QN8492,NTA2020
pop1,20549.0,SI0101,NTA2020
pop1,19027.0,SI0102,NTA2020
pop1,25510.0,SI0103,NTA2020
pop1,37010.0,SI0104,NTA2020
pop1,31458.0,SI0105,NTA2020
pop1,22609.0,SI0106,NTA2020
pop1,33492.0,SI0107,NTA2020
pop1,8.0,SI0191,NTA2020
pop1,36259.0,SI0201,NTA2020
pop1,29083.0,SI0202,NTA2020
pop1,32822.0,SI0203,NTA2020
pop1,42871.0,SI0204,NTA2020
pop1,15.0,SI0291,NTA2020
pop1,22388.0,SI0301,NTA2020
pop1,54699.0,SI0302,NTA2020
pop1,30683.0,SI0303,NTA2020
pop1,40534.0,SI0304,NTA2020
pop1,16089.0,SI0305,NTA2020
pop1,95.0,SI0391,NTA2020
pop1,495.0,SI9561,NTA2020
pop1,0.0,SI9591,NTA2020
pop1,46.0,SI9592,NTA2020
pop1,5.0,SI9593,NTA2020
popu18,15619.0,BX0101,NTA2020
popu18,11418.0,BX0102,NTA2020
popu18,3988.0,BX0201,NTA2020
popu18,10843.0,BX0202,NTA2020
popu18,0.0,BX0291,NTA2020
popu18,9960.0,BX0301,NTA2020
popu18,7443.0,BX0302,NTA2020
popu18,7964.0,BX0303,NTA2020
popu18,3.0,BX0391,NTA2020
popu18,16888.0,BX0401,NTA2020
popu18,8319.0,BX0402,NTA2020
popu18,13057.0,BX0403,NTA2020
popu18,1.0,BX0491,NTA2020
popu18,2.0,BX0492,NTA2020
popu18,13981.0,BX0501,NTA2020
popu18,13023.0,BX0502,NTA2020
popu18,8626.0,BX0503,NTA2020
popu18,5109.0,BX0601,NTA2020
popu18,8642.0,BX0602,NTA2020
popu18,8933.0,BX0603,NTA2020
popu18,10507.0,BX0701,NTA2020
popu18,12848.0,BX0702,NTA2020
popu18,10810.0,BX0703,NTA2020
popu18,7798.0,BX0801,NTA2020
popu18,4856.0,BX0802,NTA2020
popu18,7998.0,BX0803,NTA2020
popu18,19153.0,BX0901,NTA2020
popu18,8866.0,BX0902,NTA2020
popu18,9985.0,BX0903,NTA2020
popu18,7143.0,BX0904,NTA2020
popu18,1.0,BX0991,NTA2020
popu18,4351.0,BX1001,NTA2020
popu18,9589.0,BX1002,NTA2020
popu18,5598.0,BX1003,NTA2020
popu18,5580.0,BX1004,NTA2020
popu18,0.0,BX1071,NTA2020
popu18,0.0,BX1091,NTA2020
popu18,7797.0,BX1101,NTA2020
popu18,4786.0,BX1102,NTA2020
popu18,5924.0,BX1103,NTA2020
popu18,7810.0,BX1104,NTA2020
popu18,44.0,BX1161,NTA2020
popu18,14817.0,BX1201,NTA2020
popu18,11593.0,BX1202,NTA2020
popu18,9710.0,BX1203,NTA2020
popu18,1.0,BX1271,NTA2020
popu18,11.0,BX2691,NTA2020
popu18,18.0,BX2791,NTA2020
popu18,10.0,BX2891,NTA2020
popu18,12.0,QN0151,NTA2020
popu18,4518.0,BK0101,NTA2020
popu18,10571.0,BK0102,NTA2020
popu18,22531.0,BK0103,NTA2020
popu18,7105.0,BK0104,NTA2020
popu18,3850.0,BK0201,NTA2020
popu18,6353.0,BK0202,NTA2020
popu18,5567.0,BK0203,NTA2020
popu18,4049.0,BK0204,NTA2020
popu18,2.0,BK0261,NTA2020
popu18,20986.0,BK0301,NTA2020
popu18,14663.0,BK0302,NTA2020
popu18,9478.0,BK0401,NTA2020
popu18,10867.0,BK0402,NTA2020
popu18,3.0,BK0471,NTA2020
popu18,10247.0,BK0501,NTA2020
popu18,10832.0,BK0502,NTA2020
popu18,12610.0,BK0503,NTA2020
popu18,3358.0,BK0504,NTA2020
popu18,11447.0,BK0505,NTA2020
popu18,4.0,BK0571,NTA2020
popu18,12317.0,BK0601,NTA2020
popu18,11344.0,BK0602,NTA2020
popu18,4948.0,BK0701,NTA2020
popu18,11316.0,BK0702,NTA2020
popu18,13912.0,BK0703,NTA2020
popu18,2.0,BK0771,NTA2020
popu18,3910.0,BK0801,NTA2020
popu18,14747.0,BK0802,NTA2020
popu18,2.0,BK0891,NTA2020
popu18,10938.0,BK0901,NTA2020
popu18,8763.0,BK0902,NTA2020
popu18,16628.0,BK1001,NTA2020
popu18,10342.0,BK1002,NTA2020
popu18,273.0,BK1061,NTA2020
popu18,1.0,BK1091,NTA2020
popu18,22466.0,BK1101,NTA2020
popu18,7381.0,BK1102,NTA2020
popu18,12352.0,BK1103,NTA2020
popu18,9767.0,BK1201,NTA2020
popu18,40209.0,BK1202,NTA2020
popu18,10225.0,BK1203,NTA2020
popu18,12780.0,BK1204,NTA2020
popu18,5924.0,BK1301,NTA2020
popu18,9273.0,BK1302,NTA2020
popu18,5968.0,BK1303,NTA2020
popu18,0.0,BK1391,NTA2020
popu18,12205.0,BK1401,NTA2020
popu18,9786.0,BK1402,NTA2020
popu18,13587.0,BK1403,NTA2020
popu18,13426.0,BK1501,NTA2020
popu18,9001.0,BK1502,NTA2020
popu18,13194.0,BK1503,NTA2020
popu18,8107.0,BK1601,NTA2020
popu18,16575.0,BK1602,NTA2020
popu18,9218.0,BK1701,NTA2020
popu18,6364.0,BK1702,NTA2020
popu18,8316.0,BK1703,NTA2020
popu18,7938.0,BK1704,NTA2020
popu18,6.0,BK1771,NTA2020
popu18,13854.0,BK1801,NTA2020
popu18,10834.0,BK1802,NTA2020
popu18,18449.0,BK1803,NTA2020
popu18,0.0,BK1891,NTA2020
popu18,0.0,BK1892,NTA2020
popu18,3.0,BK1893,NTA2020
popu18,4.0,BK5591,NTA2020
popu18,7.0,BK5691,NTA2020
popu18,0.0,BK5692,NTA2020
popu18,0.0,BK5693,NTA2020
popu18,7587.0,MN0101,NTA2020
popu18,5186.0,MN0102,NTA2020
popu18,2.0,MN0191,NTA2020
popu18,2183.0,MN0201,NTA2020
popu18,3425.0,MN0202,NTA2020
popu18,2979.0,MN0203,NTA2020
popu18,5898.0,MN0301,NTA2020
popu18,6896.0,MN0302,NTA2020
popu18,6161.0,MN0303,NTA2020
popu18,6417.0,MN0401,NTA2020
popu18,4796.0,MN0402,NTA2020
popu18,3218.0,MN0501,NTA2020
popu18,2212.0,MN0502,NTA2020
popu18,2896.0,MN0601,NTA2020
popu18,2148.0,MN0602,NTA2020
popu18,5402.0,MN0603,NTA2020
popu18,4387.0,MN0604,NTA2020
popu18,0.0,MN0661,NTA2020
popu18,10749.0,MN0701,NTA2020
popu18,15248.0,MN0702,NTA2020
popu18,7139.0,MN0703,NTA2020
popu18,11716.0,MN0801,NTA2020
popu18,10326.0,MN0802,NTA2020
popu18,11552.0,MN0803,NTA2020
popu18,4004.0,MN0901,NTA2020
popu18,3649.0,MN0902,NTA2020
popu18,7457.0,MN0903,NTA2020
popu18,8488.0,MN1001,NTA2020
popu18,16278.0,MN1002,NTA2020
popu18,10687.0,MN1101,NTA2020
popu18,13240.0,MN1102,NTA2020
popu18,27.0,MN1191,NTA2020
popu18,10668.0,MN1201,NTA2020
popu18,11384.0,MN1202,NTA2020
popu18,6232.0,MN1203,NTA2020
popu18,3.0,MN1291,NTA2020
popu18,3.0,MN1292,NTA2020
popu18,12.0,MN6491,NTA2020
popu18,7547.0,QN0101,NTA2020
popu18,3266.0,QN0102,NTA2020
popu18,5448.0,QN0103,NTA2020
popu18,5580.0,QN0104,NTA2020
popu18,5445.0,QN0105,NTA2020
popu18,12.0,QN0161,NTA2020
popu18,2.0,QN0171,NTA2020
popu18,0.0,QN0191,NTA2020
popu18,3901.0,QN0201,NTA2020
popu18,8502.0,QN0202,NTA2020
popu18,9440.0,QN0203,NTA2020
popu18,6.0,QN0261,NTA2020
popu18,0.0,QN0271,NTA2020
popu18,18731.0,QN0301,NTA2020
popu18,7491.0,QN0302,NTA2020
popu18,11322.0,QN0303,NTA2020
popu18,20596.0,QN0401,NTA2020
popu18,17726.0,QN0402,NTA2020
popu18,8661.0,QN0501,NTA2020
popu18,11975.0,QN0502,NTA2020
popu18,6865.0,QN0503,NTA2020
popu18,6250.0,QN0504,NTA2020
popu18,1.0,QN0571,NTA2020
popu18,0.0,QN0572,NTA2020
popu18,0.0,QN0573,NTA2020
popu18,6.0,QN0574,NTA2020
popu18,5086.0,QN0601,NTA2020
popu18,15718.0,QN0602,NTA2020
popu18,7091.0,QN0701,NTA2020
popu18,5248.0,QN0702,NTA2020
popu18,3475.0,QN0703,NTA2020
popu18,9253.0,QN0704,NTA2020
popu18,5871.0,QN0705,NTA2020
popu18,4497.0,QN0706,NTA2020
popu18,10370.0,QN0707,NTA2020
popu18,0.0,QN0761,NTA2020
popu18,0.0,QN0791,NTA2020
popu18,8208.0,QN0801,NTA2020
popu18,6756.0,QN0802,NTA2020
popu18,5029.0,QN0803,NTA2020
popu18,4465.0,QN0804,NTA2020
popu18,7609.0,QN0805,NTA2020
popu18,0.0,QN0871,NTA2020
popu18,0.0,QN0891,NTA2020
popu18,4144.0,QN0901,NTA2020
popu18,7315.0,QN0902,NTA2020
popu18,4825.0,QN0903,NTA2020
popu18,6232.0,QN0904,NTA2020
popu18,8802.0,QN0905,NTA2020
popu18,14981.0,QN1001,NTA2020
popu18,4970.0,QN1002,NTA2020
popu18,4822.0,QN1003,NTA2020
popu18,0.0,QN1091,NTA2020
popu18,6546.0,QN1101,NTA2020
popu18,6247.0,QN1102,NTA2020
popu18,4300.0,QN1103,NTA2020
popu18,4523.0,QN1104,NTA2020
popu18,3.0,QN1191,NTA2020
popu18,13683.0,QN1201,NTA2020
popu18,10125.0,QN1202,NTA2020
popu18,9116.0,QN1203,NTA2020
popu18,6405.0,QN1204,NTA2020
popu18,9968.0,QN1205,NTA2020
popu18,5015.0,QN1206,NTA2020
popu18,3208.0,QN1301,NTA2020
popu18,4624.0,QN1302,NTA2020
popu18,9991.0,QN1303,NTA2020
popu18,3145.0,QN1304,NTA2020
popu18,4910.0,QN1305,NTA2020
popu18,4947.0,QN1306,NTA2020
popu18,5175.0,QN1307,NTA2020
popu18,0.0,QN1371,NTA2020
popu18,16164.0,QN1401,NTA2020
popu18,9918.0,QN1402,NTA2020
popu18,4412.0,QN1403,NTA2020
popu18,7.0,QN1491,NTA2020
popu18,0.0,QN8081,NTA2020
popu18,12.0,QN8191,NTA2020
popu18,2.0,QN8291,NTA2020
popu18,0.0,QN8381,NTA2020
popu18,0.0,QN8491,NTA2020
popu18,9.0,QN8492,NTA2020
popu18,4715.0,SI0101,NTA2020
popu18,4786.0,SI0102,NTA2020
popu18,5815.0,SI0103,NTA2020
popu18,8184.0,SI0104,NTA2020
popu18,6476.0,SI0105,NTA2020
popu18,5981.0,SI0106,NTA2020
popu18,8258.0,SI0107,NTA2020
popu18,1.0,SI0191,NTA2020
popu18,6992.0,SI0201,NTA2020
popu18,5713.0,SI0202,NTA2020
popu18,7477.0,SI0203,NTA2020
popu18,8547.0,SI0204,NTA2020
popu18,4.0,SI0291,NTA2020
popu18,4353.0,SI0301,NTA2020
popu18,10532.0,SI0302,NTA2020
popu18,6547.0,SI0303,NTA2020
popu18,8467.0,SI0304,NTA2020
popu18,3341.0,SI0305,NTA2020
popu18,9.0,SI0391,NTA2020
popu18,144.0,SI9561,NTA2020
popu18,0.0,SI9591,NTA2020
popu18,12.0,SI9592,NTA2020
popu18,0.0,SI9593,NTA2020
popu18p,27.1,BX0101,NTA2020
popu18p,26.8,BX0102,NTA2020
popu18p,26.4,BX0201,NTA2020
popu18p,26.9,BX0202,NTA2020
popu18p,,BX0291,NTA2020
popu18p,26.5,BX0301,NTA2020
popu18p,30.3,BX0302,NTA2020
popu18p,26.4,BX0303,NTA2020
popu18p,8.8,BX0391,NTA2020
popu18p,24.3,BX0401,NTA2020
popu18p,25.6,BX0402,NTA2020
popu18p,26.3,BX0403,NTA2020
popu18p,5.3,BX0491,NTA2020
popu18p,20.0,BX0492,NTA2020
popu18p,25.6,BX0501,NTA2020
popu18p,26.5,BX0502,NTA2020
popu18p,26.9,BX0503,NTA2020
popu18p,25.4,BX0601,NTA2020
popu18p,26.9,BX0602,NTA2020
popu18p,24.9,BX0603,NTA2020
popu18p,22.6,BX0701,NTA2020
popu18p,23.1,BX0702,NTA2020
popu18p,24.9,BX0703,NTA2020
popu18p,21.8,BX0801,NTA2020
popu18p,21.3,BX0802,NTA2020
popu18p,16.7,BX0803,NTA2020
popu18p,25.8,BX0901,NTA2020
popu18p,23.8,BX0902,NTA2020
popu18p,24.1,BX0903,NTA2020
popu18p,21.3,BX0904,NTA2020
popu18p,16.7,BX0991,NTA2020
popu18p,25.0,BX1001,NTA2020
popu18p,19.9,BX1002,NTA2020
popu18p,19.0,BX1003,NTA2020
popu18p,14.9,BX1004,NTA2020
popu18p,,BX1071,NTA2020
popu18p,,BX1091,NTA2020
popu18p,24.0,BX1101,NTA2020
popu18p,19.1,BX1102,NTA2020
popu18p,20.1,BX1103,NTA2020
popu18p,22.6,BX1104,NTA2020
popu18p,14.8,BX1161,NTA2020
popu18p,24.2,BX1201,NTA2020
popu18p,22.4,BX1202,NTA2020
popu18p,20.4,BX1203,NTA2020
popu18p,50.0,BX1271,NTA2020
popu18p,9.0,BX2691,NTA2020
popu18p,26.1,BX2791,NTA2020
popu18p,35.7,BX2891,NTA2020
popu18p,0.3,QN0151,NTA2020
popu18p,11.6,BK0101,NTA2020
popu18p,16.4,BK0102,NTA2020
popu18p,47.2,BK0103,NTA2020
popu18p,13.4,BK0104,NTA2020
popu18p,15.3,BK0201,NTA2020
popu18p,15.5,BK0202,NTA2020
popu18p,16.9,BK0203,NTA2020
popu18p,14.1,BK0204,NTA2020
popu18p,40.0,BK0261,NTA2020
popu18p,23.5,BK0301,NTA2020
popu18p,17.3,BK0302,NTA2020
popu18p,16.1,BK0401,NTA2020
popu18p,17.5,BK0402,NTA2020
popu18p,50.0,BK0471,NTA2020
popu18p,23.7,BK0501,NTA2020
popu18p,25.3,BK0502,NTA2020
popu18p,23.8,BK0503,NTA2020
popu18p,19.7,BK0504,NTA2020
popu18p,25.1,BK0505,NTA2020
popu18p,57.1,BK0571,NTA2020
popu18p,20.8,BK0601,NTA2020
popu18p,19.8,BK0602,NTA2020
popu18p,20.9,BK0701,NTA2020
popu18p,20.8,BK0702,NTA2020
popu18p,25.0,BK0703,NTA2020
popu18p,40.0,BK0771,NTA2020
popu18p,16.6,BK0801,NTA2020
popu18p,17.3,BK0802,NTA2020
popu18p,13.3,BK0891,NTA2020
popu18p,21.6,BK0901,NTA2020
popu18p,17.7,BK0902,NTA2020
popu18p,19.2,BK1001,NTA2020
popu18p,22.1,BK1002,NTA2020
popu18p,35.2,BK1061,NTA2020
popu18p,11.1,BK1091,NTA2020
popu18p,21.4,BK1101,NTA2020
popu18p,22.3,BK1102,NTA2020
popu18p,20.4,BK1103,NTA2020
popu18p,27.4,BK1201,NTA2020
popu18p,42.8,BK1202,NTA2020
popu18p,24.5,BK1203,NTA2020
popu18p,32.7,BK1204,NTA2020
popu18p,19.5,BK1301,NTA2020
popu18p,18.7,BK1302,NTA2020
popu18p,17.8,BK1303,NTA2020
popu18p,,BK1391,NTA2020
popu18p,18.4,BK1401,NTA2020
popu18p,22.7,BK1402,NTA2020
popu18p,25.7,BK1403,NTA2020
popu18p,25.4,BK1501,NTA2020
popu18p,21.7,BK1502,NTA2020
popu18p,19.1,BK1503,NTA2020
popu18p,21.4,BK1601,NTA2020
popu18p,27.4,BK1602,NTA2020
popu18p,19.3,BK1701,NTA2020
popu18p,18.5,BK1702,NTA2020
popu18p,19.4,BK1703,NTA2020
popu18p,20.3,BK1704,NTA2020
popu18p,18.8,BK1771,NTA2020
popu18p,20.7,BK1801,NTA2020
popu18p,23.1,BK1802,NTA2020
popu18p,20.5,BK1803,NTA2020
popu18p,,BK1891,NTA2020
popu18p,,BK1892,NTA2020
popu18p,60.0,BK1893,NTA2020
popu18p,26.7,BK5591,NTA2020
popu18p,33.3,BK5691,NTA2020
popu18p,,BK5692,NTA2020
popu18p,,BK5693,NTA2020
popu18p,14.3,MN0101,NTA2020
popu18p,20.4,MN0102,NTA2020
popu18p,25.0,MN0191,NTA2020
popu18p,9.4,MN0201,NTA2020
popu18p,10.0,MN0202,NTA2020
popu18p,8.5,MN0203,NTA2020
popu18p,13.9,MN0301,NTA2020
popu18p,14.0,MN0302,NTA2020
popu18p,8.6,MN0303,NTA2020
popu18p,9.2,MN0401,NTA2020
popu18p,8.1,MN0402,NTA2020
popu18p,9.7,MN0501,NTA2020
popu18p,8.6,MN0502,NTA2020
popu18p,12.9,MN0601,NTA2020
popu18p,7.5,MN0602,NTA2020
popu18p,8.5,MN0603,NTA2020
popu18p,9.6,MN0604,NTA2020
popu18p,,MN0661,NTA2020
popu18p,15.2,MN0701,NTA2020
popu18p,15.0,MN0702,NTA2020
popu18p,13.8,MN0703,NTA2020
popu18p,13.7,MN0801,NTA2020
popu18p,16.5,MN0802,NTA2020
popu18p,13.7,MN0803,NTA2020
popu18p,10.3,MN0901,NTA2020
popu18p,16.4,MN0902,NTA2020
popu18p,15.1,MN0903,NTA2020
popu18p,18.0,MN1001,NTA2020
popu18p,19.5,MN1002,NTA2020
popu18p,17.9,MN1101,NTA2020
popu18p,20.5,MN1102,NTA2020
popu18p,2.1,MN1191,NTA2020
popu18p,14.8,MN1201,NTA2020
popu18p,15.8,MN1202,NTA2020
popu18p,17.2,MN1203,NTA2020
popu18p,25.0,MN1291,NTA2020
popu18p,18.8,MN1292,NTA2020
popu18p,9.3,MN6491,NTA2020
popu18p,15.0,QN0101,NTA2020
popu18p,17.3,QN0102,NTA2020
popu18p,10.4,QN0103,NTA2020
popu18p,14.4,QN0104,NTA2020
popu18p,16.5,QN0105,NTA2020
popu18p,44.4,QN0161,NTA2020
popu18p,40.0,QN0171,NTA2020
popu18p,,QN0191,NTA2020
popu18p,12.1,QN0201,NTA2020
popu18p,16.3,QN0202,NTA2020
popu18p,17.7,QN0203,NTA2020
popu18p,16.7,QN0261,NTA2020
popu18p,,QN0271,NTA2020
popu18p,18.4,QN0301,NTA2020
popu18p,22.3,QN0302,NTA2020
popu18p,26.1,QN0303,NTA2020
popu18p,19.1,QN0401,NTA2020
popu18p,24.0,QN0402,NTA2020
popu18p,20.0,QN0501,NTA2020
popu18p,18.0,QN0502,NTA2020
popu18p,19.5,QN0503,NTA2020
popu18p,18.1,QN0504,NTA2020
popu18p,33.3,QN0571,NTA2020
popu18p,,QN0572,NTA2020
popu18p,,QN0573,NTA2020
popu18p,30.0,QN0574,NTA2020
popu18p,16.5,QN0601,NTA2020
popu18p,17.7,QN0602,NTA2020
popu18p,21.1,QN0701,NTA2020
popu18p,18.5,QN0702,NTA2020
popu18p,14.9,QN0703,NTA2020
popu18p,16.1,QN0704,NTA2020
popu18p,16.9,QN0705,NTA2020
popu18p,19.0,QN0706,NTA2020
popu18p,14.8,QN0707,NTA2020
popu18p,,QN0761,NTA2020
popu18p,,QN0791,NTA2020
popu18p,22.8,QN0801,NTA2020
popu18p,18.9,QN0802,NTA2020
popu18p,21.5,QN0803,NTA2020
popu18p,18.9,QN0804,NTA2020
popu18p,19.4,QN0805,NTA2020
popu18p,,QN0871,NTA2020
popu18p,,QN0891,NTA2020
popu18p,17.0,QN0901,NTA2020
popu18p,21.5,QN0902,NTA2020
popu18p,20.0,QN0903,NTA2020
popu18p,22.8,QN0904,NTA2020
popu18p,21.0,QN0905,NTA2020
popu18p,18.8,QN1001,NTA2020
popu18p,21.1,QN1002,NTA2020
popu18p,17.7,QN1003,NTA2020
popu18p,,QN1091,NTA2020
popu18p,18.1,QN1101,NTA2020
popu18p,17.6,QN1102,NTA2020
popu18p,17.0,QN1103,NTA2020
popu18p,17.9,QN1104,NTA2020
popu18p,3.5,QN1191,NTA2020
popu18p,22.4,QN1201,NTA2020
popu18p,22.8,QN1202,NTA2020
popu18p,21.2,QN1203,NTA2020
popu18p,19.5,QN1204,NTA2020
popu18p,19.2,QN1205,NTA2020
popu18p,20.4,QN1206,NTA2020
popu18p,13.7,QN1301,NTA2020
popu18p,17.4,QN1302,NTA2020
popu18p,18.4,QN1303,NTA2020
popu18p,16.5,QN1304,NTA2020
popu18p,18.8,QN1305,NTA2020
popu18p,21.4,QN1306,NTA2020
popu18p,19.1,QN1307,NTA2020
popu18p,,QN1371,NTA2020
popu18p,27.6,QN1401,NTA2020
popu18p,24.0,QN1402,NTA2020
popu18p,18.3,QN1403,NTA2020
popu18p,58.3,QN1491,NTA2020
popu18p,,QN8081,NTA2020
popu18p,27.3,QN8191,NTA2020
popu18p,50.0,QN8291,NTA2020
popu18p,,QN8381,NTA2020
popu18p,,QN8491,NTA2020
popu18p,37.5,QN8492,NTA2020
popu18p,22.9,SI0101,NTA2020
popu18p,25.2,SI0102,NTA2020
popu18p,22.8,SI0103,NTA2020
popu18p,22.1,SI0104,NTA2020
popu18p,20.6,SI0105,NTA2020
popu18p,26.5,SI0106,NTA2020
popu18p,24.7,SI0107,NTA2020
popu18p,12.5,SI0191,NTA2020
popu18p,19.3,SI0201,NTA2020
popu18p,19.6,SI0202,NTA2020
popu18p,22.8,SI0203,NTA2020
popu18p,19.9,SI0204,NTA2020
popu18p,26.7,SI0291,NTA2020
popu18p,19.4,SI0301,NTA2020
popu18p,19.3,SI0302,NTA2020
popu18p,21.3,SI0303,NTA2020
popu18p,20.9,SI0304,NTA2020
popu18p,20.8,SI0305,NTA2020
popu18p,9.5,SI0391,NTA2020
popu18p,29.1,SI9561,NTA2020
popu18p,,SI9591,NTA2020
popu18p,26.1,SI9592,NTA2020
popu18p,,SI9593,NTA2020
pop65pl,6256.0,BX0101,NTA2020
pop65pl,4683.0,BX0102,NTA2020
pop65pl,1572.0,BX0201,NTA2020
pop65pl,4500.0,BX0202,NTA2020
pop65pl,0.0,BX0291,NTA2020
pop65pl,3447.0,BX0301,NTA2020
pop65pl,2296.0,BX0302,NTA2020
pop65pl,3193.0,BX0303,NTA2020
pop65pl,3.0,BX0391,NTA2020
pop65pl,9163.0,BX0401,NTA2020
pop65pl,3406.0,BX0402,NTA2020
pop65pl,5122.0,BX0403,NTA2020
pop65pl,1.0,BX0491,NTA2020
pop65pl,1.0,BX0492,NTA2020
pop65pl,5952.0,BX0501,NTA2020
pop65pl,4805.0,BX0502,NTA2020
pop65pl,2762.0,BX0503,NTA2020
pop65pl,2496.0,BX0601,NTA2020
pop65pl,3616.0,BX0602,NTA2020
pop65pl,3105.0,BX0603,NTA2020
pop65pl,5886.0,BX0701,NTA2020
pop65pl,6265.0,BX0702,NTA2020
pop65pl,4341.0,BX0703,NTA2020
pop65pl,5313.0,BX0801,NTA2020
pop65pl,3309.0,BX0802,NTA2020
pop65pl,12670.0,BX0803,NTA2020
pop65pl,8771.0,BX0901,NTA2020
pop65pl,5376.0,BX0902,NTA2020
pop65pl,5407.0,BX0903,NTA2020
pop65pl,4744.0,BX0904,NTA2020
pop65pl,1.0,BX0991,NTA2020
pop65pl,2195.0,BX1001,NTA2020
pop65pl,7795.0,BX1002,NTA2020
pop65pl,5593.0,BX1003,NTA2020
pop65pl,9736.0,BX1004,NTA2020
pop65pl,0.0,BX1071,NTA2020
pop65pl,0.0,BX1091,NTA2020
pop65pl,3468.0,BX1101,NTA2020
pop65pl,4105.0,BX1102,NTA2020
pop65pl,5594.0,BX1103,NTA2020
pop65pl,5050.0,BX1104,NTA2020
pop65pl,76.0,BX1161,NTA2020
pop65pl,7693.0,BX1201,NTA2020
pop65pl,7676.0,BX1202,NTA2020
pop65pl,7162.0,BX1203,NTA2020
pop65pl,0.0,BX1271,NTA2020
pop65pl,10.0,BX2691,NTA2020
pop65pl,11.0,BX2791,NTA2020
pop65pl,3.0,BX2891,NTA2020
pop65pl,47.0,QN0151,NTA2020
pop65pl,3528.0,BK0101,NTA2020
pop65pl,4476.0,BK0102,NTA2020
pop65pl,4081.0,BK0103,NTA2020
pop65pl,6456.0,BK0104,NTA2020
pop65pl,4036.0,BK0201,NTA2020
pop65pl,3127.0,BK0202,NTA2020
pop65pl,4080.0,BK0203,NTA2020
pop65pl,3059.0,BK0204,NTA2020
pop65pl,0.0,BK0261,NTA2020
pop65pl,6978.0,BK0301,NTA2020
pop65pl,8939.0,BK0302,NTA2020
pop65pl,4182.0,BK0401,NTA2020
pop65pl,6343.0,BK0402,NTA2020
pop65pl,0.0,BK0471,NTA2020
pop65pl,4650.0,BK0501,NTA2020
pop65pl,4613.0,BK0502,NTA2020
pop65pl,6855.0,BK0503,NTA2020
pop65pl,4465.0,BK0504,NTA2020
pop65pl,5073.0,BK0505,NTA2020
pop65pl,3.0,BK0571,NTA2020
pop65pl,6352.0,BK0601,NTA2020
pop65pl,6503.0,BK0602,NTA2020
pop65pl,3097.0,BK0701,NTA2020
pop65pl,5617.0,BK0702,NTA2020
pop65pl,5776.0,BK0703,NTA2020
pop65pl,0.0,BK0771,NTA2020
pop65pl,2407.0,BK0801,NTA2020
pop65pl,9530.0,BK0802,NTA2020
pop65pl,2.0,BK0891,NTA2020
pop65pl,7122.0,BK0901,NTA2020
pop65pl,7653.0,BK0902,NTA2020
pop65pl,14753.0,BK1001,NTA2020
pop65pl,7427.0,BK1002,NTA2020
pop65pl,52.0,BK1061,NTA2020
pop65pl,0.0,BK1091,NTA2020
pop65pl,16008.0,BK1101,NTA2020
pop65pl,5421.0,BK1102,NTA2020
pop65pl,10450.0,BK1103,NTA2020
pop65pl,4568.0,BK1201,NTA2020
pop65pl,9436.0,BK1202,NTA2020
pop65pl,5299.0,BK1203,NTA2020
pop65pl,5300.0,BK1204,NTA2020
pop65pl,6220.0,BK1301,NTA2020
pop65pl,13337.0,BK1302,NTA2020
pop65pl,8170.0,BK1303,NTA2020
pop65pl,0.0,BK1391,NTA2020
pop65pl,9062.0,BK1401,NTA2020
pop65pl,6305.0,BK1402,NTA2020
pop65pl,8859.0,BK1403,NTA2020
pop65pl,8488.0,BK1501,NTA2020
pop65pl,7685.0,BK1502,NTA2020
pop65pl,14828.0,BK1503,NTA2020
pop65pl,4370.0,BK1601,NTA2020
pop65pl,7271.0,BK1602,NTA2020
pop65pl,6889.0,BK1701,NTA2020
pop65pl,6393.0,BK1702,NTA2020
pop65pl,7301.0,BK1703,NTA2020
pop65pl,6024.0,BK1704,NTA2020
pop65pl,3.0,BK1771,NTA2020
pop65pl,11492.0,BK1801,NTA2020
pop65pl,8561.0,BK1802,NTA2020
pop65pl,13630.0,BK1803,NTA2020
pop65pl,1.0,BK1891,NTA2020
pop65pl,1.0,BK1892,NTA2020
pop65pl,0.0,BK1893,NTA2020
pop65pl,4.0,BK5591,NTA2020
pop65pl,1.0,BK5691,NTA2020
pop65pl,0.0,BK5692,NTA2020
pop65pl,0.0,BK5693,NTA2020
pop65pl,3992.0,MN0101,NTA2020
pop65pl,2500.0,MN0102,NTA2020
pop65pl,1.0,MN0191,NTA2020
pop65pl,3967.0,MN0201,NTA2020
pop65pl,5754.0,MN0202,NTA2020
pop65pl,5707.0,MN0203,NTA2020
pop65pl,10748.0,MN0301,NTA2020
pop65pl,9591.0,MN0302,NTA2020
pop65pl,9875.0,MN0303,NTA2020
pop65pl,8991.0,MN0401,NTA2020
pop65pl,7605.0,MN0402,NTA2020
pop65pl,3513.0,MN0501,NTA2020
pop65pl,4687.0,MN0502,NTA2020
pop65pl,4210.0,MN0601,NTA2020
pop65pl,4273.0,MN0602,NTA2020
pop65pl,9070.0,MN0603,NTA2020
pop65pl,11193.0,MN0604,NTA2020
pop65pl,0.0,MN0661,NTA2020
pop65pl,14458.0,MN0701,NTA2020
pop65pl,22898.0,MN0702,NTA2020
pop65pl,10997.0,MN0703,NTA2020
pop65pl,15014.0,MN0801,NTA2020
pop65pl,18178.0,MN0802,NTA2020
pop65pl,15082.0,MN0803,NTA2020
pop65pl,5233.0,MN0901,NTA2020
pop65pl,2940.0,MN0902,NTA2020
pop65pl,6518.0,MN0903,NTA2020
pop65pl,5407.0,MN1001,NTA2020
pop65pl,10921.0,MN1002,NTA2020
pop65pl,9396.0,MN1101,NTA2020
pop65pl,8778.0,MN1102,NTA2020
pop65pl,99.0,MN1191,NTA2020
pop65pl,12019.0,MN1201,NTA2020
pop65pl,12405.0,MN1202,NTA2020
pop65pl,5846.0,MN1203,NTA2020
pop65pl,0.0,MN1291,NTA2020
pop65pl,2.0,MN1292,NTA2020
pop65pl,9.0,MN6491,NTA2020
pop65pl,7094.0,QN0101,NTA2020
pop65pl,1992.0,QN0102,NTA2020
pop65pl,6368.0,QN0103,NTA2020
pop65pl,5020.0,QN0104,NTA2020
pop65pl,4352.0,QN0105,NTA2020
pop65pl,0.0,QN0161,NTA2020
pop65pl,1.0,QN0171,NTA2020
pop65pl,0.0,QN0191,NTA2020
pop65pl,1340.0,QN0201,NTA2020
pop65pl,6618.0,QN0202,NTA2020
pop65pl,7580.0,QN0203,NTA2020
pop65pl,4.0,QN0261,NTA2020
pop65pl,0.0,QN0271,NTA2020
pop65pl,15454.0,QN0301,NTA2020
pop65pl,3953.0,QN0302,NTA2020
pop65pl,3020.0,QN0303,NTA2020
pop65pl,14287.0,QN0401,NTA2020
pop65pl,8216.0,QN0402,NTA2020
pop65pl,6400.0,QN0501,NTA2020
pop65pl,6916.0,QN0502,NTA2020
pop65pl,5196.0,QN0503,NTA2020
pop65pl,6969.0,QN0504,NTA2020
pop65pl,1.0,QN0571,NTA2020
pop65pl,0.0,QN0572,NTA2020
pop65pl,0.0,QN0573,NTA2020
pop65pl,2.0,QN0574,NTA2020
pop65pl,6148.0,QN0601,NTA2020
pop65pl,18498.0,QN0602,NTA2020
pop65pl,4987.0,QN0701,NTA2020
pop65pl,6450.0,QN0702,NTA2020
pop65pl,6867.0,QN0703,NTA2020
pop65pl,11752.0,QN0704,NTA2020
pop65pl,6502.0,QN0705,NTA2020
pop65pl,3767.0,QN0706,NTA2020
pop65pl,13896.0,QN0707,NTA2020
pop65pl,0.0,QN0761,NTA2020
pop65pl,1.0,QN0791,NTA2020
pop65pl,5929.0,QN0801,NTA2020
pop65pl,5856.0,QN0802,NTA2020
pop65pl,3888.0,QN0803,NTA2020
pop65pl,4730.0,QN0804,NTA2020
pop65pl,6152.0,QN0805,NTA2020
pop65pl,1.0,QN0871,NTA2020
pop65pl,0.0,QN0891,NTA2020
pop65pl,4167.0,QN0901,NTA2020
pop65pl,4352.0,QN0902,NTA2020
pop65pl,2915.0,QN0903,NTA2020
pop65pl,2909.0,QN0904,NTA2020
pop65pl,5263.0,QN0905,NTA2020
pop65pl,11145.0,QN1001,NTA2020
pop65pl,2994.0,QN1002,NTA2020
pop65pl,6234.0,QN1003,NTA2020
pop65pl,0.0,QN1091,NTA2020
pop65pl,7199.0,QN1101,NTA2020
pop65pl,6939.0,QN1102,NTA2020
pop65pl,6066.0,QN1103,NTA2020
pop65pl,5462.0,QN1104,NTA2020
pop65pl,33.0,QN1191,NTA2020
pop65pl,7976.0,QN1201,NTA2020
pop65pl,5626.0,QN1202,NTA2020
pop65pl,5563.0,QN1203,NTA2020
pop65pl,5873.0,QN1204,NTA2020
pop65pl,8395.0,QN1205,NTA2020
pop65pl,3833.0,QN1206,NTA2020
pop65pl,6787.0,QN1301,NTA2020
pop65pl,4828.0,QN1302,NTA2020
pop65pl,9216.0,QN1303,NTA2020
pop65pl,4127.0,QN1304,NTA2020
pop65pl,4881.0,QN1305,NTA2020
pop65pl,3188.0,QN1306,NTA2020
pop65pl,3909.0,QN1307,NTA2020
pop65pl,0.0,QN1371,NTA2020
pop65pl,8729.0,QN1401,NTA2020
pop65pl,5539.0,QN1402,NTA2020
pop65pl,5530.0,QN1403,NTA2020
pop65pl,2.0,QN1491,NTA2020
pop65pl,0.0,QN8081,NTA2020
pop65pl,3.0,QN8191,NTA2020
pop65pl,1.0,QN8291,NTA2020
pop65pl,1.0,QN8381,NTA2020
pop65pl,0.0,QN8491,NTA2020
pop65pl,5.0,QN8492,NTA2020
pop65pl,3133.0,SI0101,NTA2020
pop65pl,2210.0,SI0102,NTA2020
pop65pl,3795.0,SI0103,NTA2020
pop65pl,5972.0,SI0104,NTA2020
pop65pl,5865.0,SI0105,NTA2020
pop65pl,2389.0,SI0106,NTA2020
pop65pl,3825.0,SI0107,NTA2020
pop65pl,4.0,SI0191,NTA2020
pop65pl,6630.0,SI0201,NTA2020
pop65pl,5174.0,SI0202,NTA2020
pop65pl,7453.0,SI0203,NTA2020
pop65pl,8027.0,SI0204,NTA2020
pop65pl,3.0,SI0291,NTA2020
pop65pl,4531.0,SI0301,NTA2020
pop65pl,10951.0,SI0302,NTA2020
pop65pl,5281.0,SI0303,NTA2020
pop65pl,7323.0,SI0304,NTA2020
pop65pl,2575.0,SI0305,NTA2020
pop65pl,5.0,SI0391,NTA2020
pop65pl,10.0,SI9561,NTA2020
pop65pl,0.0,SI9591,NTA2020
pop65pl,5.0,SI9592,NTA2020
pop65pl,1.0,SI9593,NTA2020
pop65plp,10.8,BX0101,NTA2020
pop65plp,11.0,BX0102,NTA2020
pop65plp,10.4,BX0201,NTA2020
pop65plp,11.2,BX0202,NTA2020
pop65plp,,BX0291,NTA2020
pop65plp,9.2,BX0301,NTA2020
pop65plp,9.4,BX0302,NTA2020
pop65plp,10.6,BX0303,NTA2020
pop65plp,8.8,BX0391,NTA2020
pop65plp,13.2,BX0401,NTA2020
pop65plp,10.5,BX0402,NTA2020
pop65plp,10.3,BX0403,NTA2020
pop65plp,5.3,BX0491,NTA2020
pop65plp,10.0,BX0492,NTA2020
pop65plp,10.9,BX0501,NTA2020
pop65plp,9.8,BX0502,NTA2020
pop65plp,8.6,BX0503,NTA2020
pop65plp,12.4,BX0601,NTA2020
pop65plp,11.2,BX0602,NTA2020
pop65plp,8.7,BX0603,NTA2020
pop65plp,12.6,BX0701,NTA2020
pop65plp,11.3,BX0702,NTA2020
pop65plp,10.0,BX0703,NTA2020
pop65plp,14.9,BX0801,NTA2020
pop65plp,14.5,BX0802,NTA2020
pop65plp,26.4,BX0803,NTA2020
pop65plp,11.8,BX0901,NTA2020
pop65plp,14.4,BX0902,NTA2020
pop65plp,13.1,BX0903,NTA2020
pop65plp,14.1,BX0904,NTA2020
pop65plp,16.7,BX0991,NTA2020
pop65plp,12.6,BX1001,NTA2020
pop65plp,16.2,BX1002,NTA2020
pop65plp,19.0,BX1003,NTA2020
pop65plp,26.1,BX1004,NTA2020
pop65plp,,BX1071,NTA2020
pop65plp,,BX1091,NTA2020
pop65plp,10.7,BX1101,NTA2020
pop65plp,16.4,BX1102,NTA2020
pop65plp,19.0,BX1103,NTA2020
pop65plp,14.6,BX1104,NTA2020
pop65plp,25.6,BX1161,NTA2020
pop65plp,12.5,BX1201,NTA2020
pop65plp,14.8,BX1202,NTA2020
pop65plp,15.0,BX1203,NTA2020
pop65plp,,BX1271,NTA2020
pop65plp,8.2,BX2691,NTA2020
pop65plp,15.9,BX2791,NTA2020
pop65plp,10.7,BX2891,NTA2020
pop65plp,1.2,QN0151,NTA2020
pop65plp,9.1,BK0101,NTA2020
pop65plp,6.9,BK0102,NTA2020
pop65plp,8.6,BK0103,NTA2020
pop65plp,12.2,BK0104,NTA2020
pop65plp,16.1,BK0201,NTA2020
pop65plp,7.6,BK0202,NTA2020
pop65plp,12.4,BK0203,NTA2020
pop65plp,10.7,BK0204,NTA2020
pop65plp,,BK0261,NTA2020
pop65plp,7.8,BK0301,NTA2020
pop65plp,10.6,BK0302,NTA2020
pop65plp,7.1,BK0401,NTA2020
pop65plp,10.2,BK0402,NTA2020
pop65plp,,BK0471,NTA2020
pop65plp,10.7,BK0501,NTA2020
pop65plp,10.8,BK0502,NTA2020
pop65plp,12.9,BK0503,NTA2020
pop65plp,26.2,BK0504,NTA2020
pop65plp,11.1,BK0505,NTA2020
pop65plp,42.9,BK0571,NTA2020
pop65plp,10.7,BK0601,NTA2020
pop65plp,11.3,BK0602,NTA2020
pop65plp,13.1,BK0701,NTA2020
pop65plp,10.3,BK0702,NTA2020
pop65plp,10.4,BK0703,NTA2020
pop65plp,,BK0771,NTA2020
pop65plp,10.2,BK0801,NTA2020
pop65plp,11.2,BK0802,NTA2020
pop65plp,13.3,BK0891,NTA2020
pop65plp,14.1,BK0901,NTA2020
pop65plp,15.5,BK0902,NTA2020
pop65plp,17.0,BK1001,NTA2020
pop65plp,15.9,BK1002,NTA2020
pop65plp,6.7,BK1061,NTA2020
pop65plp,,BK1091,NTA2020
pop65plp,15.3,BK1101,NTA2020
pop65plp,16.4,BK1102,NTA2020
pop65plp,17.3,BK1103,NTA2020
pop65plp,12.8,BK1201,NTA2020
pop65plp,10.0,BK1202,NTA2020
pop65plp,12.7,BK1203,NTA2020
pop65plp,13.5,BK1204,NTA2020
pop65plp,20.5,BK1301,NTA2020
pop65plp,26.9,BK1302,NTA2020
pop65plp,24.3,BK1303,NTA2020
pop65plp,,BK1391,NTA2020
pop65plp,13.6,BK1401,NTA2020
pop65plp,14.7,BK1402,NTA2020
pop65plp,16.7,BK1403,NTA2020
pop65plp,16.1,BK1501,NTA2020
pop65plp,18.5,BK1502,NTA2020
pop65plp,21.5,BK1503,NTA2020
pop65plp,11.5,BK1601,NTA2020
pop65plp,12.0,BK1602,NTA2020
pop65plp,14.4,BK1701,NTA2020
pop65plp,18.6,BK1702,NTA2020
pop65plp,17.1,BK1703,NTA2020
pop65plp,15.4,BK1704,NTA2020
pop65plp,9.4,BK1771,NTA2020
pop65plp,17.1,BK1801,NTA2020
pop65plp,18.2,BK1802,NTA2020
pop65plp,15.2,BK1803,NTA2020
pop65plp,100.0,BK1891,NTA2020
pop65plp,25.0,BK1892,NTA2020
pop65plp,,BK1893,NTA2020
pop65plp,26.7,BK5591,NTA2020
pop65plp,4.8,BK5691,NTA2020
pop65plp,,BK5692,NTA2020
pop65plp,,BK5693,NTA2020
pop65plp,7.5,MN0101,NTA2020
pop65plp,9.8,MN0102,NTA2020
pop65plp,12.5,MN0191,NTA2020
pop65plp,17.0,MN0201,NTA2020
pop65plp,16.9,MN0202,NTA2020
pop65plp,16.3,MN0203,NTA2020
pop65plp,25.3,MN0301,NTA2020
pop65plp,19.5,MN0302,NTA2020
pop65plp,13.8,MN0303,NTA2020
pop65plp,12.9,MN0401,NTA2020
pop65plp,12.8,MN0402,NTA2020
pop65plp,10.6,MN0501,NTA2020
pop65plp,18.3,MN0502,NTA2020
pop65plp,18.7,MN0601,NTA2020
pop65plp,14.9,MN0602,NTA2020
pop65plp,14.3,MN0603,NTA2020
pop65plp,24.5,MN0604,NTA2020
pop65plp,,MN0661,NTA2020
pop65plp,20.5,MN0701,NTA2020
pop65plp,22.5,MN0702,NTA2020
pop65plp,21.2,MN0703,NTA2020
pop65plp,17.6,MN0801,NTA2020
pop65plp,29.1,MN0802,NTA2020
pop65plp,17.9,MN0803,NTA2020
pop65plp,13.5,MN0901,NTA2020
pop65plp,13.3,MN0902,NTA2020
pop65plp,13.2,MN0903,NTA2020
pop65plp,11.5,MN1001,NTA2020
pop65plp,13.1,MN1002,NTA2020
pop65plp,15.7,MN1101,NTA2020
pop65plp,13.6,MN1102,NTA2020
pop65plp,7.6,MN1191,NTA2020
pop65plp,16.7,MN1201,NTA2020
pop65plp,17.3,MN1202,NTA2020
pop65plp,16.1,MN1203,NTA2020
pop65plp,,MN1291,NTA2020
pop65plp,12.5,MN1292,NTA2020
pop65plp,7.0,MN6491,NTA2020
pop65plp,14.1,QN0101,NTA2020
pop65plp,10.5,QN0102,NTA2020
pop65plp,12.2,QN0103,NTA2020
pop65plp,13.0,QN0104,NTA2020
pop65plp,13.2,QN0105,NTA2020
pop65plp,,QN0161,NTA2020
pop65plp,20.0,QN0171,NTA2020
pop65plp,,QN0191,NTA2020
pop65plp,4.2,QN0201,NTA2020
pop65plp,12.7,QN0202,NTA2020
pop65plp,14.3,QN0203,NTA2020
pop65plp,11.1,QN0261,NTA2020
pop65plp,,QN0271,NTA2020
pop65plp,15.2,QN0301,NTA2020
pop65plp,11.8,QN0302,NTA2020
pop65plp,7.0,QN0303,NTA2020
pop65plp,13.2,QN0401,NTA2020
pop65plp,11.1,QN0402,NTA2020
pop65plp,14.8,QN0501,NTA2020
pop65plp,10.4,QN0502,NTA2020
pop65plp,14.8,QN0503,NTA2020
pop65plp,20.2,QN0504,NTA2020
pop65plp,33.3,QN0571,NTA2020
pop65plp,,QN0572,NTA2020
pop65plp,,QN0573,NTA2020
pop65plp,10.0,QN0574,NTA2020
pop65plp,20.0,QN0601,NTA2020
pop65plp,20.8,QN0602,NTA2020
pop65plp,14.8,QN0701,NTA2020
pop65plp,22.7,QN0702,NTA2020
pop65plp,29.5,QN0703,NTA2020
pop65plp,20.5,QN0704,NTA2020
pop65plp,18.7,QN0705,NTA2020
pop65plp,15.9,QN0706,NTA2020
pop65plp,19.9,QN0707,NTA2020
pop65plp,,QN0761,NTA2020
pop65plp,50.0,QN0791,NTA2020
pop65plp,16.5,QN0801,NTA2020
pop65plp,16.4,QN0802,NTA2020
pop65plp,16.6,QN0803,NTA2020
pop65plp,20.1,QN0804,NTA2020
pop65plp,15.7,QN0805,NTA2020
pop65plp,100.0,QN0871,NTA2020
pop65plp,,QN0891,NTA2020
pop65plp,17.1,QN0901,NTA2020
pop65plp,12.8,QN0902,NTA2020
pop65plp,12.1,QN0903,NTA2020
pop65plp,10.7,QN0904,NTA2020
pop65plp,12.5,QN0905,NTA2020
pop65plp,14.0,QN1001,NTA2020
pop65plp,12.7,QN1002,NTA2020
pop65plp,22.8,QN1003,NTA2020
pop65plp,,QN1091,NTA2020
pop65plp,19.9,QN1101,NTA2020
pop65plp,19.5,QN1102,NTA2020
pop65plp,24.0,QN1103,NTA2020
pop65plp,21.6,QN1104,NTA2020
pop65plp,38.8,QN1191,NTA2020
pop65plp,13.1,QN1201,NTA2020
pop65plp,12.7,QN1202,NTA2020
pop65plp,12.9,QN1203,NTA2020
pop65plp,17.9,QN1204,NTA2020
pop65plp,16.2,QN1205,NTA2020
pop65plp,15.6,QN1206,NTA2020
pop65plp,29.0,QN1301,NTA2020
pop65plp,18.2,QN1302,NTA2020
pop65plp,17.0,QN1303,NTA2020
pop65plp,21.6,QN1304,NTA2020
pop65plp,18.7,QN1305,NTA2020
pop65plp,13.8,QN1306,NTA2020
pop65plp,14.4,QN1307,NTA2020
pop65plp,,QN1371,NTA2020
pop65plp,14.9,QN1401,NTA2020
pop65plp,13.4,QN1402,NTA2020
pop65plp,22.9,QN1403,NTA2020
pop65plp,16.7,QN1491,NTA2020
pop65plp,,QN8081,NTA2020
pop65plp,6.8,QN8191,NTA2020
pop65plp,25.0,QN8291,NTA2020
pop65plp,50.0,QN8381,NTA2020
pop65plp,,QN8491,NTA2020
pop65plp,20.8,QN8492,NTA2020
pop65plp,15.2,SI0101,NTA2020
pop65plp,11.6,SI0102,NTA2020
pop65plp,14.9,SI0103,NTA2020
pop65plp,16.1,SI0104,NTA2020
pop65plp,18.6,SI0105,NTA2020
pop65plp,10.6,SI0106,NTA2020
pop65plp,11.4,SI0107,NTA2020
pop65plp,50.0,SI0191,NTA2020
pop65plp,18.3,SI0201,NTA2020
pop65plp,17.8,SI0202,NTA2020
pop65plp,22.7,SI0203,NTA2020
pop65plp,18.7,SI0204,NTA2020
pop65plp,20.0,SI0291,NTA2020
pop65plp,20.2,SI0301,NTA2020
pop65plp,20.0,SI0302,NTA2020
pop65plp,17.2,SI0303,NTA2020
pop65plp,18.1,SI0304,NTA2020
pop65plp,16.0,SI0305,NTA2020
pop65plp,5.3,SI0391,NTA2020
pop65plp,2.0,SI9561,NTA2020
pop65plp,,SI9591,NTA2020
pop65plp,10.9,SI9592,NTA2020
pop65plp,20.0,SI9593,NTA2020
popacre,61.4,BX0101,NTA2020
popacre,107.5,BX0102,NTA2020
popacre,14.8,BX0201,NTA2020
popacre,114.4,BX0202,NTA2020
popacre,,BX0291,NTA2020
popacre,118.7,BX0301,NTA2020
popacre,106.6,BX0302,NTA2020
popacre,81.4,BX0303,NTA2020
popacre,0.2,BX0391,NTA2020
popacre,114.8,BX0401,NTA2020
popacre,108.8,BX0402,NTA2020
popacre,159.5,BX0403,NTA2020
popacre,0.3,BX0491,NTA2020
popacre,0.2,BX0492,NTA2020
popacre,122.2,BX0501,NTA2020
popacre,168.4,BX0502,NTA2020
popacre,189.1,BX0503,NTA2020
popacre,75.1,BX0601,NTA2020
popacre,88.6,BX0602,NTA2020
popacre,95.2,BX0603,NTA2020
popacre,111.0,BX0701,NTA2020
popacre,115.9,BX0702,NTA2020
popacre,120.7,BX0703,NTA2020
popacre,141.9,BX0801,NTA2020
popacre,80.2,BX0802,NTA2020
popacre,32.5,BX0803,NTA2020
popacre,101.6,BX0901,NTA2020
popacre,54.0,BX0902,NTA2020
popacre,55.3,BX0903,NTA2020
popacre,159.6,BX0904,NTA2020
popacre,0.0,BX0991,NTA2020
popacre,48.3,BX1001,NTA2020
popacre,31.6,BX1002,NTA2020
popacre,37.7,BX1003,NTA2020
popacre,61.8,BX1004,NTA2020
popacre,,BX1071,NTA2020
popacre,,BX1091,NTA2020
popacre,90.6,BX1101,NTA2020
popacre,39.1,BX1102,NTA2020
popacre,42.6,BX1103,NTA2020
popacre,95.6,BX1104,NTA2020
popacre,1.1,BX1161,NTA2020
popacre,73.7,BX1201,NTA2020
popacre,40.6,BX1202,NTA2020
popacre,52.9,BX1203,NTA2020
popacre,0.0,BX1271,NTA2020
popacre,0.1,BX2691,NTA2020
popacre,0.1,BX2791,NTA2020
popacre,0.0,BX2891,NTA2020
popacre,9.1,QN0151,NTA2020
popacre,47.8,BK0101,NTA2020
popacre,97.9,BK0102,NTA2020
popacre,136.6,BK0103,NTA2020
popacre,44.1,BK0104,NTA2020
popacre,109.2,BK0201,NTA2020
popacre,75.2,BK0202,NTA2020
popacre,81.9,BK0203,NTA2020
popacre,85.6,BK0204,NTA2020
popacre,0.0,BK0261,NTA2020
popacre,105.3,BK0301,NTA2020
popacre,89.4,BK0302,NTA2020
popacre,110.5,BK0401,NTA2020
popacre,96.2,BK0402,NTA2020
popacre,0.0,BK0471,NTA2020
popacre,77.3,BK0501,NTA2020
popacre,66.8,BK0502,NTA2020
popacre,49.7,BK0503,NTA2020
popacre,25.8,BK0504,NTA2020
popacre,62.4,BK0505,NTA2020
popacre,0.0,BK0571,NTA2020
popacre,42.7,BK0601,NTA2020
popacre,96.9,BK0602,NTA2020
popacre,67.2,BK0701,NTA2020
popacre,47.4,BK0702,NTA2020
popacre,129.1,BK0703,NTA2020
popacre,0.0,BK0771,NTA2020
popacre,99.4,BK0801,NTA2020
popacre,104.7,BK0802,NTA2020
popacre,0.6,BK0891,NTA2020
popacre,109.9,BK0901,NTA2020
popacre,89.7,BK0902,NTA2020
popacre,61.3,BK1001,NTA2020
popacre,69.9,BK1002,NTA2020
popacre,3.9,BK1061,NTA2020
popacre,0.0,BK1091,NTA2020
popacre,94.0,BK1101,NTA2020
popacre,69.9,BK1102,NTA2020
popacre,77.9,BK1103,NTA2020
popacre,132.2,BK1201,NTA2020
popacre,101.1,BK1202,NTA2020
popacre,104.1,BK1203,NTA2020
popacre,54.3,BK1204,NTA2020
popacre,50.7,BK1301,NTA2020
popacre,45.7,BK1302,NTA2020
popacre,107.7,BK1303,NTA2020
popacre,,BK1391,NTA2020
popacre,120.6,BK1401,NTA2020
popacre,81.8,BK1402,NTA2020
popacre,71.5,BK1403,NTA2020
popacre,65.9,BK1501,NTA2020
popacre,66.0,BK1502,NTA2020
popacre,47.6,BK1503,NTA2020
popacre,82.3,BK1601,NTA2020
popacre,85.6,BK1602,NTA2020
popacre,105.0,BK1701,NTA2020
popacre,61.9,BK1702,NTA2020
popacre,68.6,BK1703,NTA2020
popacre,92.7,BK1704,NTA2020
popacre,0.3,BK1771,NTA2020
popacre,53.7,BK1801,NTA2020
popacre,34.3,BK1802,NTA2020
popacre,55.3,BK1803,NTA2020
popacre,0.0,BK1891,NTA2020
popacre,0.0,BK1892,NTA2020
popacre,0.0,BK1893,NTA2020
popacre,0.0,BK5591,NTA2020
popacre,0.0,BK5691,NTA2020
popacre,,BK5692,NTA2020
popacre,,BK5693,NTA2020
popacre,117.7,MN0101,NTA2020
popacre,81.5,MN0102,NTA2020
popacre,0.0,MN0191,NTA2020
popacre,78.4,MN0201,NTA2020
popacre,140.2,MN0202,NTA2020
popacre,105.9,MN0203,NTA2020
popacre,160.4,MN0301,NTA2020
popacre,130.3,MN0302,NTA2020
popacre,163.3,MN0303,NTA2020
popacre,102.4,MN0401,NTA2020
popacre,138.2,MN0402,NTA2020
popacre,97.3,MN0501,NTA2020
popacre,45.4,MN0502,NTA2020
popacre,172.2,MN0601,NTA2020
popacre,166.5,MN0602,NTA2020
popacre,174.2,MN0603,NTA2020
popacre,151.7,MN0604,NTA2020
popacre,,MN0661,NTA2020
popacre,193.5,MN0701,NTA2020
popacre,174.1,MN0702,NTA2020
popacre,170.1,MN0703,NTA2020
popacre,172.4,MN0801,NTA2020
popacre,135.5,MN0802,NTA2020
popacre,266.4,MN0803,NTA2020
popacre,105.7,MN0901,NTA2020
popacre,90.4,MN0902,NTA2020
popacre,134.2,MN0903,NTA2020
popacre,142.2,MN1001,NTA2020
popacre,152.4,MN1002,NTA2020
popacre,156.5,MN1101,NTA2020
popacre,107.6,MN1102,NTA2020
popacre,2.4,MN1191,NTA2020
popacre,148.7,MN1201,NTA2020
popacre,125.8,MN1202,NTA2020
popacre,109.9,MN1203,NTA2020
popacre,0.1,MN1291,NTA2020
popacre,0.1,MN1292,NTA2020
popacre,0.2,MN6491,NTA2020
popacre,37.5,QN0101,NTA2020
popacre,74.3,QN0102,NTA2020
popacre,107.9,QN0103,NTA2020
popacre,64.7,QN0104,NTA2020
popacre,51.8,QN0105,NTA2020
popacre,0.3,QN0161,NTA2020
popacre,0.0,QN0171,NTA2020
popacre,,QN0191,NTA2020
popacre,51.1,QN0201,NTA2020
popacre,47.8,QN0202,NTA2020
popacre,70.6,QN0203,NTA2020
popacre,0.2,QN0261,NTA2020
popacre,,QN0271,NTA2020
popacre,112.8,QN0301,NTA2020
popacre,50.8,QN0302,NTA2020
popacre,135.5,QN0303,NTA2020
popacre,111.5,QN0401,NTA2020
popacre,133.8,QN0402,NTA2020
popacre,32.3,QN0501,NTA2020
popacre,68.0,QN0502,NTA2020
popacre,50.9,QN0503,NTA2020
popacre,42.7,QN0504,NTA2020
popacre,0.0,QN0571,NTA2020
popacre,,QN0572,NTA2020
popacre,0.0,QN0573,NTA2020
popacre,0.0,QN0574,NTA2020
popacre,66.6,QN0601,NTA2020
popacre,66.8,QN0602,NTA2020
popacre,22.0,QN0701,NTA2020
popacre,23.5,QN0702,NTA2020
popacre,25.8,QN0703,NTA2020
popacre,44.4,QN0704,NTA2020
popacre,47.8,QN0705,NTA2020
popacre,39.0,QN0706,NTA2020
popacre,80.9,QN0707,NTA2020
popacre,,QN0761,NTA2020
popacre,0.0,QN0791,NTA2020
popacre,45.7,QN0801,NTA2020
popacre,42.0,QN0802,NTA2020
popacre,30.7,QN0803,NTA2020
popacre,26.0,QN0804,NTA2020
popacre,61.8,QN0805,NTA2020
popacre,0.0,QN0871,NTA2020
popacre,0.0,QN0891,NTA2020
popacre,52.3,QN0901,NTA2020
popacre,49.1,QN0902,NTA2020
popacre,66.3,QN0903,NTA2020
popacre,65.7,QN0904,NTA2020
popacre,76.9,QN0905,NTA2020
popacre,42.4,QN1001,NTA2020
popacre,40.8,QN1002,NTA2020
popacre,22.6,QN1003,NTA2020
popacre,,QN1091,NTA2020
popacre,28.4,QN1101,NTA2020
popacre,22.2,QN1102,NTA2020
popacre,16.0,QN1103,NTA2020
popacre,27.8,QN1104,NTA2020
popacre,0.1,QN1191,NTA2020
popacre,56.8,QN1201,NTA2020
popacre,51.1,QN1202,NTA2020
popacre,40.1,QN1203,NTA2020
popacre,41.6,QN1204,NTA2020
popacre,30.4,QN1205,NTA2020
popacre,43.7,QN1206,NTA2020
popacre,22.5,QN1301,NTA2020
popacre,21.0,QN1302,NTA2020
popacre,34.0,QN1303,NTA2020
popacre,25.2,QN1304,NTA2020
popacre,28.7,QN1305,NTA2020
popacre,17.9,QN1306,NTA2020
popacre,25.0,QN1307,NTA2020
popacre,,QN1371,NTA2020
popacre,42.3,QN1401,NTA2020
popacre,35.7,QN1402,NTA2020
popacre,15.2,QN1403,NTA2020
popacre,0.1,QN1491,NTA2020
popacre,,QN8081,NTA2020
popacre,0.0,QN8191,NTA2020
popacre,0.0,QN8291,NTA2020
popacre,0.0,QN8381,NTA2020
popacre,,QN8491,NTA2020
popacre,0.0,QN8492,NTA2020
popacre,33.0,SI0101,NTA2020
popacre,34.2,SI0102,NTA2020
popacre,31.5,SI0103,NTA2020
popacre,18.6,SI0104,NTA2020
popacre,17.9,SI0105,NTA2020
popacre,27.0,SI0106,NTA2020
popacre,16.0,SI0107,NTA2020
popacre,0.1,SI0191,NTA2020
popacre,19.9,SI0201,NTA2020
popacre,20.4,SI0202,NTA2020
popacre,7.8,SI0203,NTA2020
popacre,9.2,SI0204,NTA2020
popacre,0.0,SI0291,NTA2020
popacre,17.3,SI0301,NTA2020
popacre,20.4,SI0302,NTA2020
popacre,19.8,SI0303,NTA2020
popacre,9.9,SI0304,NTA2020
popacre,5.5,SI0305,NTA2020
popacre,0.1,SI0391,NTA2020
popacre,2.2,SI9561,NTA2020
popacre,,SI9591,NTA2020
popacre,0.2,SI9592,NTA2020
popacre,0.0,SI9593,NTA2020
